Age,SystolicBP,DiastolicBP,BS,BodyTemp,HeartRate,GestationWeek,RiskLevel
38.06517868731935,120.32269338755646,81.79570003675543,7.5,98.03403402839315,85.72490881379821,39,mid_risk
25.601675620574305,108.22441963784327,77.46427877908906,7.154477129588987,98.31720616436066,82.22807516389577,26,low_risk
23.550236234387473,115.99554551232677,78.79192909921021,7.384407370024782,98.4720284150784,69.29243435177956,39,low_risk
17.333456889365735,154.84500464033735,105.53840578161926,14.113440654447711,101.81614001783409,85.89800154407254,33,high_risk
30.7832941615755,129.5250607650497,89.0,8.552697552353676,98.57704802949995,90.03003451622277,22,mid_risk
18.0,110.99113708849126,73.51688164992555,6.989490341954116,97.70789490780626,86.50555565156286,8,low_risk
40.0,121.72919532276227,88.11931509098477,8.738181598354632,99.17176326624906,81.38727477402337,17,mid_risk
36.575866769347634,147.88018202454296,90.0,13.222328105365332,99.07868729702277,101.78473816656592,10,high_risk
24.238645287665566,115.00656501963907,67.79119712259188,8.5,98.13932995113744,79.10931370267247,31,low_risk
36.575866769347634,145.0369019076609,105.50860874036427,13.409316284252242,99.0,102.652161576811,28,high_risk
18.0,110.4427199344965,73.65682976957265,7.70686462546902,98.552693667585,82.51828426723503,6,low_risk
23.100218755356174,120.0,75.2066096745839,6.0,98.16007119067207,81.98359340595323,12,low_risk
22.199516740243308,112.91054795349244,76.09102877943987,6.566935394711731,98.4327955255299,79.62187443376443,35,low_risk
26.68768301694114,106.25709451062974,70.82857076155298,8.02434863112687,98.18103699089326,78.37224208711399,16,low_risk
29.984340769990517,100.12420113774527,69.2712696965161,8.02182066459251,99.0,77.5442386385041,38,low_risk
27.431586038866158,107.13485493273797,78.20367241064774,6.814999907921771,98.71914028055286,87.38732375595224,24,low_risk
25.66277001659702,129.54643518484795,89.0,9.149262281231637,98.72830458995162,78.80146189119588,20,mid_risk
38.0028125368498,130.80401197457684,89.0,8.585950096470073,99.52358025828043,88.59180915537341,9,mid_risk
25.020974798872732,113.16630580946402,71.1508353588062,7.2516665209553866,98.61374595945456,71.50350407825816,13,low_risk
24.441641487379304,103.8042657327968,74.00341409478742,7.289326082350615,98.53996948609976,83.07319562222163,10,low_risk
17.333456889365735,158.94804840776177,90.0,10.5,100.94871830244433,110.62276444609257,27,high_risk
24.77221750511573,118.80262058120239,77.60739661878672,7.4324228883797945,97.63802221839575,80.95841990398314,26,low_risk
36.575866769347634,147.59433036665988,97.71218817858713,17.387841695127037,99.96242815050628,108.23557863374704,18,high_risk
17.333456889365735,149.63532163135278,101.45332947086393,13.802286073616346,100.66940962654195,94.12132805166989,22,high_risk
21.46457025519547,108.82829990950145,79.40883363836414,7.522577941769928,98.81177622237082,71.4037287855976,7,low_risk
27.02909612442919,112.3053262111361,69.98587778024579,7.2771704702429805,98.6861972387078,78.37359300857766,17,low_risk
28.97945436753279,129.364523065664,81.84326607374025,7.96752962935794,98.86734703209709,94.2529442713201,13,mid_risk
23.067254150802505,109.21357442614368,80.0,8.5,97.82926936928747,83.49826252110591,39,low_risk
32.50819841130429,134.73990989788112,89.0,11.0,99.53078529270365,82.21213440461705,16,mid_risk
21.67619953435585,119.88948672150428,71.6443767409106,6.667338293076876,98.34329697838899,76.94856925520087,15,low_risk
30.50781211751804,123.38568029229398,89.0,7.643690313975136,99.876998806858,92.42131929098029,37,mid_risk
25.692723703404727,114.39812771051585,75.66929983284267,6.952667552985318,97.66137078087824,80.70487849812099,27,low_risk
20.585642731136915,109.99553661412035,73.58141020075394,7.1140446507814845,98.75068567455445,66.65829347976113,22,low_risk
17.333456889365735,142.9801293186753,108.9383211981544,13.234658688243677,100.88844818268535,91.28664128759685,14,high_risk
19.207944398335023,110.91764990942555,76.6112531800889,8.082620814490262,98.4411669562093,80.37863762220518,13,low_risk
31.533726129204382,118.70439289541477,80.0,6.835196314237606,99.0,78.82289797677464,20,low_risk
35.85038531514816,131.84259499900037,80.62769274685064,9.063860356592166,98.32602636761894,75.10755519881013,13,mid_risk
38.57277073880504,125.73933293506413,83.68620943432688,8.331430003667332,99.21928573463032,85.74010083419003,8,mid_risk
34.03321558361375,121.93201877141482,89.0,10.394886516392916,99.29556533872463,94.32493319288929,11,mid_risk
26.802969820627393,125.25918207383143,82.1092399343455,9.530175617567785,99.40929474763696,72.70568388810948,36,mid_risk
17.333456889365735,150.29873438607038,90.43359254720762,17.018776035555614,100.72733064894793,100.98580751200856,25,high_risk
29.14006752295911,127.62895611278341,80.59725213218331,9.999788225274912,98.87179517126313,92.1713977752593,36,mid_risk
17.0,123.89452495260909,86.09347408285731,8.212555993611323,98.07823592773056,84.85722872165209,40,mid_risk
27.82983868115494,125.93566055822349,86.88445689396346,9.406609309110156,98.28451743332364,84.68135203772816,21,mid_risk
27.529630956222086,120.0,78.40703764461786,7.497840070640365,98.67903478813568,72.6593273629398,28,low_risk
27.345997606025577,124.27301646261371,82.79283446037532,8.839223481326293,98.62825936817275,88.09973434210737,40,mid_risk
33.60717953672042,127.91056707617695,89.0,9.557962251784803,100.48327857775924,76.16104330571594,28,mid_risk
21.322303063064787,116.45257223205584,80.0,7.16155334151077,97.76711073330141,78.63671614274794,40,low_risk
31.226060867341772,127.62183696616455,87.7379211254018,9.75255935141184,98.63718081466631,97.40223059262851,18,mid_risk
36.575866769347634,165.05996099262686,96.60679594299553,18.116761413319797,102.16383963620738,91.3200233048802,11,high_risk
33.24299169952795,110.56640740498183,70.40583806195635,6.27431806905426,98.41356108947294,77.44526054320245,22,low_risk
36.764710238853496,126.25009589639345,84.45566440229041,9.587060788829668,99.73515225503662,86.17023235049082,7,mid_risk
32.019176727937456,120.0,78.15095905931305,6.400122987133316,98.5195191121287,86.83653470702177,25,low_risk
23.68935141360893,119.14387764871805,74.29011367404198,6.376954122441897,99.0,75.00951660998172,8,low_risk
21.643129907109447,112.16908694421477,60.82126130491561,7.220828249251538,98.68374100578214,71.13682822107025,7,low_risk
23.058545808683586,104.8247016277889,71.03822022173973,8.409165066276383,98.19443974934048,79.18409873806029,29,low_risk
20.096937347990636,116.70034305569557,77.39473493881117,7.63857538582573,98.74501739384607,82.4513292470915,35,low_risk
33.37875940754602,139.0,84.6547443692356,9.678356964873181,100.5,81.38699129035096,18,mid_risk
32.86050104150494,136.7777706373746,80.04246511981958,8.181472850276851,99.21232374524608,86.45421299835805,32,mid_risk
17.528229996386013,127.9180848174622,87.40439594633408,7.752947947869389,98.0,91.63372034710613,38,mid_risk
36.575866769347634,155.30378668096128,90.0,12.110125184451324,101.386773291256,86.37402712052128,28,high_risk
27.285662026237315,126.36194752735877,88.05152966353582,10.31795627172599,98.0,71.67021759329106,27,mid_risk
28.25144847535584,116.59648167030814,72.20185163773769,7.1373943242078655,98.67852914483214,78.34725596342436,13,low_risk
36.575866769347634,165.23618569603488,107.01581589879838,14.659246320043813,99.44324236019854,105.73164530218989,36,high_risk
23.941372667048174,110.67247825848537,74.47672099720654,6.4923785270204295,98.35004524585997,84.11680320938035,14,low_risk
24.101467400011902,116.95628302864904,75.32387655488989,7.93799422106321,98.86684831520132,75.65221600199018,18,low_risk
24.316795582663808,125.05656625484033,86.15068450415606,9.278198534474088,100.27416755115527,78.2279363378383,30,mid_risk
21.61282512772638,114.9458497098295,77.78394339993491,6.990336403669827,98.0328095581557,79.03202288588409,24,low_risk
26.30770949505665,110.65086410915153,75.01164398211401,7.93216973785063,98.26237441731831,70.79246522349308,39,low_risk
27.87016902318385,113.94615569032962,78.77650279118876,6.849055407949338,98.2619412475448,75.69328784190773,33,low_risk
25.3973292217169,112.73922884070691,71.744205707955,6.527253755943365,97.90417508556791,85.90343777939708,7,low_risk
17.333456889365735,159.4368966500785,116.55206347389199,14.137304538230913,101.54081330430614,106.2047525506042,37,high_risk
36.575866769347634,144.80380858888643,93.13731548382529,18.857903795054632,101.89088669146257,98.64029955038492,12,high_risk
26.527741808926212,117.34229898111872,74.35626874955446,6.053209865002498,98.36195534091969,77.45081242933449,21,low_risk
33.89313682321079,124.7083309536761,80.0,7.508792034742246,98.55658476037706,75.67153505137331,29,mid_risk
20.427980349078066,115.01069641700526,74.23467451030184,7.339720852456139,98.48414684541636,65.0,26,low_risk
38.8551057519903,120.0,83.21114731876392,9.000238296929986,99.30064796278823,98.0,27,mid_risk
36.575866769347634,176.6092258314622,110.25525463612605,12.496709259347545,102.32856096778414,96.72198133854883,17,high_risk
39.20018311550837,128.12024029528638,87.43347944264832,9.62337030909012,98.39496979692964,92.16797768330908,23,mid_risk
23.795585217642845,117.03094464670986,72.4575860577209,7.055600895281873,98.07487056386537,78.61741422880633,33,low_risk
38.75567798707222,133.8419980298636,85.34224489707371,10.271991801172636,99.97711191154204,86.64869587604,18,mid_risk
24.749283610907312,114.10378059564135,80.0,7.346194334221629,98.22326042910368,83.14654409887714,37,low_risk
36.575866769347634,182.06822381242978,94.72329788877117,11.984023276318112,100.89805431151225,92.31173456204695,34,high_risk
19.08591203853029,112.4909761512854,80.0,7.204728110816837,98.73122352595733,68.85450096415764,23,low_risk
32.396250479483626,133.21782560093357,80.08551155298782,7.5,98.5852586547792,83.9426378306332,11,mid_risk
32.83623424428761,120.0,83.80587809076526,8.755011073930216,98.7174170626957,94.24777592092697,30,mid_risk
36.575866769347634,174.36557839882346,98.81258804457806,12.991295170373741,102.15464106354008,93.3246551568138,39,high_risk
18.922520136183948,110.97889226485043,73.63026217195804,6.379884982031505,98.07292704135796,82.39225763355762,10,low_risk
38.02805691620939,134.91738344474854,83.28637496483866,8.359916705779574,98.77027243001547,84.29159958765591,35,mid_risk
36.253293214691354,124.43398593655871,80.0,7.971952856808859,100.3969316214135,79.39676652265472,21,mid_risk
28.652459566370744,120.0,89.0,7.5,99.03660760826787,98.0,25,mid_risk
29.804855688655778,110.38881611256501,66.42764845409616,6.954414915542568,98.41259662490481,67.45625132681435,26,low_risk
28.81600705397281,110.74586045628385,76.49932061870186,7.2295849989121335,98.3298821880384,74.99019746097014,23,low_risk
26.14346156289962,110.6284005079599,71.37060162052398,7.887616545008049,98.13714601508879,86.51916881239352,36,low_risk
22.500725689217283,119.13348022884786,65.65700370560903,6.8464006611435835,98.40816686688517,81.67532893932784,35,low_risk
38.304959520703115,126.95183918447773,83.54675978957546,8.829963836058358,98.0,87.03109752532478,19,mid_risk
18.694431372063,120.0,80.0,6.0303769468065465,99.0,69.64719911051309,30,low_risk
26.31122376583559,124.74778459917471,83.1266100091411,9.131597011601267,99.36593646796915,98.0,20,mid_risk
23.064456663782714,113.91791095551386,76.12196968930506,7.048342046942289,98.4777333853353,76.47063547650203,34,low_risk
21.44194228149791,115.2297764742978,70.51614090785212,8.313301988876558,98.52395791175226,69.17780270111507,15,low_risk
17.333456889365735,153.64752650419186,99.98988059257763,16.554608369240004,101.23166975575397,114.33513855817627,6,high_risk
36.575866769347634,143.97294987368764,109.1927979584606,11.09665104048184,99.91474544273737,102.92165829384312,22,high_risk
36.575866769347634,141.6721582622397,94.24331425517295,10.696496448605146,99.48618750572795,87.96230205050374,6,high_risk
28.331493776554773,139.0,86.76181448047872,7.891858697502771,100.13038066098883,85.18514410052755,38,mid_risk
18.0,113.27917976942614,77.57304895318309,7.923964892918349,98.25390360900407,74.79879247419778,19,low_risk
26.23928284090811,120.0,80.0,7.151372421166954,98.38708924235895,74.16427341081045,22,low_risk
25.85591964293689,117.08453006290253,68.71721178619873,6.084397937003966,98.10076157415135,77.70852756031341,18,low_risk
24.116143304681344,109.55778212243932,69.3771794281095,6.380986922744019,98.57397641534716,70.40136353687734,39,low_risk
40.0,124.69662283991575,80.37278238103016,9.723785083789345,99.61989406230825,98.0,27,mid_risk
28.47842368042264,104.83817900946111,80.0,7.050556893208176,98.31444993297815,76.19285888178736,18,low_risk
28.68546401062517,130.47426082570874,85.14052732612991,8.61476311267134,98.68747358191779,83.62420635291662,11,mid_risk
36.575866769347634,171.52931543797945,109.40021123748156,16.44767588344056,101.53199840404524,103.91605001948727,9,high_risk
32.23965336689695,139.0,89.0,8.712054545195711,98.20066350428249,83.36418936460399,22,mid_risk
36.575866769347634,151.04466272768428,102.50543031743705,11.196798401266982,101.56787559222435,92.33852455379181,40,high_risk
23.08500551334609,117.24633508427637,75.80830530623508,7.41609851036746,98.25559631069898,75.83569407757754,11,low_risk
27.335712741303855,112.61113777157192,69.91891377729017,7.51393391144222,98.10504803860083,72.08483024070013,19,low_risk
21.310387770171026,120.0,86.3647260999199,7.5,98.02538985043037,78.01649364274192,34,mid_risk
32.076226171616966,122.85348538272143,80.63293267029036,9.590261922404814,99.23167905444171,88.39399642380009,15,mid_risk
26.757214383556743,120.0,83.63525317665325,8.424014952606845,98.56995882482943,92.2799227807562,16,mid_risk
26.508898393892103,129.67335848551002,89.0,8.859276816298461,98.88905728523709,86.30871291493021,6,mid_risk
31.34406726458141,113.93900628510869,67.98399572305428,6.509307758068279,98.81075784730317,85.24264743866004,8,low_risk
27.28356204277267,111.16926409609735,69.90785667028999,6.761020956654884,98.44286796610385,73.71541957682918,31,low_risk
24.893944498203133,115.47574899760653,68.31157164787592,6.726396896568196,99.0,82.74866031991488,18,low_risk
32.18911439255143,124.77201653644616,89.0,7.919008993154867,99.84145543216084,75.61785343899925,29,mid_risk
17.333456889365735,140.0,98.70857294251593,12.754579273871508,101.28661574318606,93.42485097475742,6,high_risk
20.859030710322504,120.0,72.81722356390527,6.0,98.28899455245592,76.19437728210147,39,low_risk
29.261921500261405,117.55729241344956,80.0,7.208489558979455,98.29390498381193,65.0,39,low_risk
17.333456889365735,151.6113863148228,95.80476523531904,14.849092266205815,99.71052005303345,112.04387665718446,17,high_risk
34.31543893002623,139.0,86.33547244991922,9.548908219820964,99.01147727958784,92.47009660199936,38,mid_risk
33.48862478805053,107.09080669946616,71.67097215440918,7.210810123226668,98.21329647521942,78.63147574552603,10,low_risk
28.671447788219105,108.6928857020288,80.0,7.1812779066365495,98.18457053068136,68.73903698211468,15,low_risk
24.280563575872378,130.9448211852545,80.0,7.5,99.27464211405405,77.58871628324945,23,mid_risk
17.333456889365735,168.8785177661201,98.15468654867702,10.5,101.19885644565925,97.23394652522974,8,high_risk
30.994439776778435,127.6926735255845,80.0,9.166628759471944,99.24096312845917,70.0,21,mid_risk
23.71861076722272,108.97492101395397,80.0,7.817647860573196,98.3410639093514,77.09796669787156,9,low_risk
24.004143406083706,109.64945110573707,73.0265135194166,6.909495629250758,98.77039004028585,78.214098626951,27,low_risk
23.877299692532905,115.085528536107,74.36437049007758,6.899259535325872,98.29467687724883,79.23858707697005,13,low_risk
21.83810217821875,105.36577198908438,71.58219258076731,6.154666984418835,98.2718459762253,78.45438963000434,25,low_risk
26.364607899266577,106.96474199596597,71.30579071903631,6.233059584538303,98.00193041604031,76.82597164520827,31,low_risk
22.413708463029895,105.67790548512187,73.38645533202138,8.061052439533341,98.45366656639834,80.87023342967959,34,low_risk
27.912269668727063,132.69000300424202,87.97175669225662,7.5,98.48969665157107,78.88547015817741,24,mid_risk
23.605391462368562,110.2361983140149,80.0,7.721263500354462,99.0,88.0,18,low_risk
24.769524811865658,101.75585225444232,72.57922451035601,7.178201635174595,98.06520785822417,73.18392120143973,40,low_risk
21.32241194820137,128.281137796967,80.0,7.502785516284929,98.85759045435664,73.4038118343563,40,mid_risk
23.16446294852424,117.87314830469077,80.0,6.9600730567989775,98.88739208594868,72.14963713808723,20,low_risk
24.713594962343745,116.19297052121522,79.34189666847008,6.71617384252917,98.69814428963116,72.40216003107278,28,low_risk
29.111864811883507,120.0,81.81814389413863,10.545172122155789,98.39027676934218,77.73107289625523,33,mid_risk
29.542262560722396,104.6542105822638,80.0,8.33426441109347,97.96859490345416,68.38320840392312,31,low_risk
20.498043810806493,101.50880816057091,67.95261532290597,7.917288390495288,98.4372633350799,77.54050479197072,23,low_risk
36.575866769347634,164.26971353103275,101.1839228683768,18.657560225532585,99.56935084845115,98.86463470396255,36,high_risk
24.55068780123668,108.78803088427647,80.0,7.227294885798451,97.61306997430961,65.0,26,low_risk
37.326773537643085,124.79109382989657,82.48152753903253,9.256786505632334,99.62744163978414,72.12181839731689,7,mid_risk
26.35041064830081,101.18116194246433,80.0,6.415578130661422,98.37457058432555,70.81612090554353,9,low_risk
27.985014264108884,110.0937094194626,74.63088951830984,6.635386379600173,97.5,71.34973022190256,37,low_risk
22.272063008008807,102.61455032973369,71.32341643716171,7.448863734473274,98.60751720698069,72.14089994783782,38,low_risk
29.78924734159266,126.15069779705863,87.09681027638445,10.507950338108602,99.1880166356565,72.71134659547275,29,mid_risk
23.322154901492773,127.02820785159965,86.22376447892397,10.498895929192136,99.84508808049667,70.38755392696613,40,mid_risk
20.802174760889486,134.95302029774555,88.5940817852467,9.17046207303261,100.34291403521165,89.8854417936997,33,mid_risk
26.184481108258304,96.67647319058827,70.96649852617351,7.854517002362219,98.75566152991513,73.40622892535602,23,low_risk
32.05571766659821,139.0,82.37426341034511,8.776134647377434,99.47836330608544,95.17920501959246,23,mid_risk
36.39541934721211,120.0,89.0,8.977165720464301,98.20104921165714,86.47157122001136,37,mid_risk
27.793685975721623,120.0,80.0,9.012855208701136,98.86781821659135,82.43775016031182,16,mid_risk
24.77766131635818,116.86484963895869,72.58430551628116,6.705232649739144,99.0,87.07837552359548,10,low_risk
27.678690195320154,120.0,68.26154305092166,6.90247309679391,98.3112446914831,69.52280288700376,17,low_risk
25.74581725907771,101.43514712811535,75.7116891724481,6.871079821099936,98.88103060209009,67.55813522737607,15,low_risk
17.333456889365735,155.14757224004438,97.45902233543568,11.893375680074238,100.16417434728751,96.77690117813889,19,high_risk
22.076279840232324,110.4226550247504,80.0,7.663077706341397,98.03574196512702,75.732360806902,22,low_risk
36.575866769347634,151.9741686057054,110.96146794345111,15.675268042779502,99.67965476728418,100.06020140144346,13,high_risk
36.575866769347634,170.8445548949997,106.9111406762242,14.862857916700198,99.01939841534718,98.77181894722106,39,high_risk
30.34398439169845,139.0,80.0,7.5,98.66041026049538,86.7219089055016,25,mid_risk
17.333456889365735,143.71771935329818,105.54642293615085,10.5,101.25417303892284,102.22082903682656,12,high_risk
24.144044623097965,120.0,80.0,6.552094531331108,98.16348879625212,81.1917385368115,32,low_risk
23.338848344396794,113.39929678758101,74.70179934924023,6.507784631196085,98.8092226221009,71.49562235796641,7,low_risk
36.24234019711379,124.53148773789161,84.12808109557807,7.5,99.03044085654085,81.32943141859917,40,mid_risk
28.041658624577188,118.04508213902153,80.0,7.211606442487053,98.59452399734009,79.97357789295772,26,low_risk
26.718472876530342,107.83172121346566,80.0,6.575883768110462,97.74978238657518,80.5983308594344,7,low_risk
27.699277968666415,113.80284615766497,72.78659361593984,7.317744564400033,97.92137682855333,86.06269522112123,10,low_risk
18.57421471896971,111.88348236467361,77.662460513899,6.833485416116961,98.43310916151418,76.8837880023345,21,low_risk
28.45485862091478,132.7337418142559,89.0,11.0,98.85523207463989,78.41304381909168,24,mid_risk
26.885873428543984,110.71047381826759,70.9391654142259,6.872374920709968,97.68824042779711,79.99976730074134,18,low_risk
34.84920432419955,120.09936003867759,85.68124316747326,8.775487909303587,99.88224472044543,80.66832873117083,34,mid_risk
25.303218232774906,105.90506908612961,80.0,8.20720480402354,98.50246824227771,74.38028861904901,19,low_risk
35.0,114.20372388040805,76.71739689335047,7.36594890335463,98.20707457162548,69.73098211658157,20,low_risk
35.98052317753958,129.74490844032445,84.5391030693096,10.039595294915667,99.28245843353928,86.45342297724476,38,mid_risk
21.544036921280735,117.71724728321763,66.26348005530818,8.054697492748168,97.5,78.95208568340139,32,low_risk
35.731830376484154,124.98079228757214,80.0,11.0,98.0,97.94368914363909,9,mid_risk
17.333456889365735,148.80446343711267,105.37452668761176,15.162770138144253,101.21671538740092,103.43514841297568,28,high_risk
18.987428187527577,111.34234117644502,70.9858967210802,6.880364701069858,98.94367579766562,78.69896328235906,19,low_risk
24.488329634076933,110.6592041057689,75.32010040666835,6.257471125724453,99.0,86.0889547445081,35,low_risk
29.45546752430834,122.47887329960884,89.0,7.5,98.31525342033603,74.79025853519079,25,mid_risk
36.575866769347634,162.51874537758133,97.76926467717844,13.686691518022071,100.72670902257404,109.51123699606742,24,high_risk
25.7903984187696,114.42576852977018,69.61613109394078,7.601304078327731,98.57861460277628,76.07128260710675,32,low_risk
29.597093305142703,116.97684905159049,77.3270841184589,7.093249274517361,98.44288318481605,74.14560257957044,28,low_risk
24.388725106035487,123.61742860605423,83.68019481371415,9.6735296668387,100.43008048125918,98.0,26,mid_risk
26.655196389805994,103.71373238107735,65.06812267322657,6.0,99.0,83.64664136709342,27,low_risk
26.832732790581503,125.01487619036003,81.08307956809598,7.5,99.93934527281915,98.0,7,mid_risk
27.903066495594768,118.7602308209655,70.22104249920818,7.219444208004082,98.26959500167327,71.16404961364351,18,low_risk
27.17344076951974,120.0,71.68419318957301,6.885761218337147,98.13538342299388,76.20114821433152,25,low_risk
27.53112746442514,117.71881980347948,64.16465148206424,7.652839978840686,99.0,69.08801471452514,38,low_risk
27.174400618377728,115.2070338908833,73.4343597374213,8.05638321857353,99.0,69.69888077582998,13,low_risk
38.83228623268781,120.22613103382622,85.81318677010835,8.421090390139486,99.2762344953282,79.20348193967052,27,mid_risk
28.598399501733002,106.00968736487025,76.865639066206,7.6204203672723505,98.43182941397687,66.52338220769441,16,low_risk
17.333456889365735,179.86482920821135,90.0,13.041795808743146,100.96037976536695,112.40514872225512,40,high_risk
18.0,120.0,70.21618011492036,6.05156395764752,98.6889787940884,71.46397588326037,37,low_risk
26.885662225545616,115.8303515536503,63.356329527925936,7.493552721045797,98.19277239220999,75.10383102610216,30,low_risk
25.570356472675307,120.0,87.5703826291633,10.168949737065446,99.60773296720002,92.49621385127075,37,mid_risk
24.430482059914826,119.90558521364775,68.34965330479821,6.91355357628432,98.86010695835932,85.21694063712967,24,low_risk
31.00303916253724,116.17322654539467,69.92312185841939,7.754105169628422,97.86537259987404,67.74619546728184,13,low_risk
33.306991934243364,109.85782479516034,67.88552490222219,7.571843270821722,98.4535833522321,84.37260449319511,25,low_risk
24.018447535988518,120.0,76.76149968839762,7.769756742818693,98.09355166775573,78.9486730653664,13,low_risk
36.575866769347634,164.13882348607902,91.3895878632846,14.081209056283347,99.63015878903161,90.06511256119646,17,high_risk
28.409733339184896,119.5755046205631,78.26987988276112,6.735231017988851,98.73513221409179,83.92597473724426,23,low_risk
17.333456889365735,143.53098638185782,94.65596827193811,13.198688129822711,101.81305037860176,89.27958504221913,35,high_risk
35.3259159006182,131.53546949670815,83.59797369036363,8.199953588140865,100.5,90.81384436572279,29,mid_risk
30.342991771144302,123.11669483281493,80.0,7.918559417982363,98.27592817986559,84.83536458327309,25,mid_risk
22.497749193961884,118.31168570633751,71.34272724320392,7.504212163281214,98.95087237460183,72.03384967223504,15,low_risk
35.33175945597619,123.06521127206628,89.0,8.675780373924562,98.10219243807217,81.33119771048112,35,mid_risk
25.531732448521964,132.8992012863841,81.69080743696543,9.302283191475338,99.7617543293197,85.73094207285321,17,mid_risk
36.575866769347634,164.04362772162665,94.07423099619476,15.892016568689654,99.48023605242696,120.80894135025777,27,high_risk
22.349504964216614,108.26410382959328,71.94286696441999,6.384855590845516,98.70136778540098,65.0,39,low_risk
20.247938991712964,127.09211687330696,80.0,9.28282238614521,98.0,98.0,37,mid_risk
17.333456889365735,140.2992036295374,98.6699742631737,12.425103385512777,102.25130196121876,97.47395852323953,27,high_risk
30.228613978427227,121.29653134104227,88.35802524114911,8.36708030416439,99.73228543011597,90.43942269228255,13,mid_risk
36.575866769347634,140.0,103.48733964514177,10.5,100.857021558113,107.38074836973067,23,high_risk
36.575866769347634,155.77290554224527,107.01616207216838,12.628902486982064,102.9008918887622,102.28618491507811,15,high_risk
35.660990958603406,123.67702703787992,83.19715581009265,10.306782302224523,99.0672858537229,70.0,18,mid_risk
29.70931352750385,124.51886232478225,89.0,9.707257331176972,98.38648916069671,81.3182859273836,34,mid_risk
34.56970234661496,121.33444477971301,85.48638000612358,7.91891206277003,100.30181950920678,87.98605539308136,39,mid_risk
31.645596067086473,124.35981728582159,80.0,8.255578876406918,100.08750413361315,82.63694412248638,37,mid_risk
27.719371532526985,128.62213975178022,87.2210621624895,8.351856332823472,100.37076907724267,77.88503787020119,14,mid_risk
36.575866769347634,163.17358672505244,91.87875103751092,15.060884624595724,99.63562691632492,88.28844469024469,16,high_risk
28.026087954022866,136.40319628699552,86.2024237695968,7.742150473511401,100.47407828427228,77.22585553808085,14,mid_risk
39.97172474859925,120.2570765849193,80.0,7.5,100.3373971876764,91.50338480711956,38,mid_risk
25.194086511779307,120.0,79.41345526943536,7.1449763855129245,98.30915759688763,88.0,11,low_risk
24.367968405684042,104.59390676872047,65.34399348277537,6.799890769829062,98.4605612191807,71.62624449980103,12,low_risk
26.116086103081358,105.90943484903279,73.26487288284575,7.105351810061109,98.0425939629923,75.3040175660708,7,low_risk
28.098536213717345,120.0,77.11355611950134,7.579996095642743,99.0,84.54776639246346,17,low_risk
29.574574171744896,122.93245092183295,88.43647499977962,9.122401510124602,99.51304825665555,72.26801476778127,22,mid_risk
17.333456889365735,158.20535688422578,99.61273861130563,13.783242049085146,99.0,92.61222226061442,21,high_risk
36.575866769347634,159.31510947447708,90.0,15.909781701692605,99.79194312698148,90.81929903514722,35,high_risk
25.384483107763934,108.05130106554846,75.0831248770231,7.723694610603381,98.23579260690812,82.30029424932056,32,low_risk
28.861281346284162,128.2687570666148,84.9106464704286,8.61978921832612,98.0,88.06191694966762,32,mid_risk
24.921448804293274,113.76534477408096,71.1412697902197,6.75613730161622,97.82766751935014,80.65737102834464,20,low_risk
34.79195975808557,120.34335138186707,89.0,9.02171057534613,99.88383040113044,88.39161334450567,26,mid_risk
26.973271603523557,112.00723285217335,69.59465831669354,7.614283611672908,98.62816846934433,85.64749036671495,23,low_risk
22.935821087130506,106.7972187057346,69.31037211731801,7.703609468538962,98.30470652997776,78.39395294501017,30,low_risk
22.39359860957673,109.60218288631239,69.60092823248974,6.525903580056242,98.2972219499513,74.00452372090075,19,low_risk
24.716071834250588,126.07707974693835,82.56423798382693,8.909854772853674,99.38748775258318,78.1160298048363,10,mid_risk
19.87878240531642,102.41125388869752,74.7276059888412,7.1503709856621045,97.87164865784908,76.94856339146071,30,low_risk
22.715284040868813,110.86527765533779,73.08424764473352,6.6790434230410005,98.58718016885274,65.0,28,low_risk
33.35349881912291,116.10141593920287,80.0,7.518615656936526,97.94663159268296,72.98278747797427,6,low_risk
21.17755515171548,130.86342159987905,84.60253875505853,8.927771565405793,98.70267039596199,76.53155166124569,13,mid_risk
24.84262728044628,128.02803865334894,89.0,8.979796874299199,98.73605126742761,95.5858155821993,14,mid_risk
24.480717201066295,116.32937503075686,76.91368791586932,6.3756991050608045,98.26887741604939,86.381930889143,23,low_risk
20.975930474001192,114.79857989460116,73.73797774711265,6.932433771683304,98.479357406871,76.95253630562526,37,low_risk
20.724606682566304,129.63124281075923,89.0,10.639682591021566,99.50015201355384,83.79641802998812,8,mid_risk
28.094617727766366,139.0,88.77511543755247,8.831923745504277,98.58151963524875,98.0,13,mid_risk
17.0,137.76626333895146,83.29865868178021,7.78011009668785,98.6852823502397,80.64752625584936,38,mid_risk
19.338517031798343,104.97932184364385,64.61723646979063,6.885202555759919,98.8115075965694,88.0,27,low_risk
36.575866769347634,144.3682786807772,91.6858565341165,12.784026636918059,101.46829279265796,91.95282919937654,22,high_risk
27.03942903405151,120.0,80.4498161165683,8.613941609378042,98.27369405446673,77.93617300874845,12,mid_risk
32.504683356863545,114.54159439356077,80.0,7.402774516939271,97.79498841388046,68.1270207928269,14,low_risk
36.62043891806047,127.65756401945526,86.54350354088898,10.013275705471482,99.36067179095528,75.88842502354294,32,mid_risk
35.0,110.33912020066647,72.68275891958875,7.303352631846622,98.40627911838311,73.20055557278334,15,low_risk
24.212159711157014,124.94964031356339,87.91103839160824,10.500368768605076,100.31183406380947,84.95785778678012,37,mid_risk
25.290924892763346,122.45972092515998,89.0,9.668694360110784,98.72108148944054,98.0,28,mid_risk
33.24804720049281,139.0,87.04261521174364,7.59343840932131,98.0,78.73573761120876,24,mid_risk
26.508847500258085,113.10844347337435,80.0,7.863499839776828,98.46666232694395,70.21126157422188,39,low_risk
29.02398606585416,128.36503463990292,85.51115496081036,7.513316855973633,99.13480490723241,88.77267243703216,7,mid_risk
36.575866769347634,160.5330662504943,100.11433556252105,13.678866767582502,99.54795392664408,90.542622930662,18,high_risk
30.228571017129713,107.93370778148736,72.90977052303813,7.549542791285283,98.61456555995655,75.9771751979752,7,low_risk
25.39070439419533,109.44185442276674,76.67408668172955,6.927123169573385,98.20444555238252,67.36767939365879,6,low_risk
17.333456889365735,157.098982952563,104.75522903965482,12.105404387170754,100.57498674334163,104.12799806478975,34,high_risk
26.72016658876428,115.45123009663939,67.53246187397951,7.255787547917646,98.2667849523785,77.80844241868671,8,low_risk
25.05036960312718,107.4892536994289,69.56659538858271,6.065993897290235,98.27854957084081,88.0,21,low_risk
24.94109412138583,125.51806353451259,81.22111628900983,10.45006538939765,98.67692101081667,84.22713212114503,25,mid_risk
24.30949080023672,107.0173335606606,80.0,7.109929829247716,98.44382863203114,76.7334580272824,23,low_risk
26.296665409953768,102.62472485868074,75.96898649108125,6.486460520953723,98.32251784807802,77.31033392526504,6,low_risk
17.0,125.15362737656098,87.70631427718156,9.019138940398475,100.5,98.0,27,mid_risk
22.386683069705153,119.25019738355886,68.24492958190247,7.007821317278015,97.77648520199047,83.09134025535336,30,low_risk
27.380628101747654,104.4742634609845,78.2257898559216,6.77716293863347,97.92064315001919,68.07464630496304,25,low_risk
25.638500889697458,121.97675683657648,80.0,8.231136312357034,98.62665287365114,80.57828217113668,23,mid_risk
31.379370031875744,131.72814584010706,80.79031560920023,8.398747471958416,99.53800290119403,89.4596480037814,10,mid_risk
27.290331125424636,117.52990067154676,72.21663432910064,7.258687975855985,97.9318877174413,67.1732415677589,27,low_risk
27.600804711834645,120.0,74.70491349806031,7.77078374657969,98.40044397787493,75.50863372256504,8,low_risk
28.007591774338227,134.1972530871206,81.70116259360049,8.674894821620255,100.02146047646964,91.49587082107213,16,mid_risk
23.833225000826893,110.145301214785,68.34555782337043,7.148358184325464,98.40580359970507,76.34045009978091,28,low_risk
36.892451110763645,127.54427455789387,89.0,8.742424079297729,99.18508939552453,83.08197340188687,15,mid_risk
28.85784039466821,126.93925156302929,86.99954347819464,11.0,100.15135597767517,81.39520220252774,33,mid_risk
37.08915986443542,139.0,84.23173376693491,8.703351610450037,98.36868309571167,98.0,36,mid_risk
23.761814242744038,109.7823379837382,64.59994983046118,6.743186838114636,98.6095842048307,82.4988712759644,35,low_risk
17.333456889365735,153.77050887717485,93.67528149441439,14.058797837489681,101.92779464260305,117.79901172053346,12,high_risk
17.333456889365735,152.03330059798427,90.0,13.820668600548355,100.16922909851975,111.21034025718481,20,high_risk
36.25625298262343,139.0,84.45959252694459,7.753074281677987,98.35473485153821,98.0,15,mid_risk
36.575866769347634,151.92169253094994,103.97526537561741,15.519607369320962,99.52411383766551,103.43525591201693,37,high_risk
19.52078808168369,120.0,69.85901863517383,7.732247865867772,98.254570682034,77.77307014954204,32,low_risk
36.575866769347634,144.89391855877693,94.31556535429672,12.756169984941668,99.06736864067322,98.69833808602118,31,high_risk
26.502448427864103,129.97384360869546,80.0,9.156880829669321,99.74542654546771,71.120194424433,40,mid_risk
25.731395903921964,134.86358879699475,83.67709366490105,11.0,99.58305912800625,84.88499509504284,27,mid_risk
29.277056415069726,123.611480395543,86.10968051455293,9.122446543536249,98.44540578988499,79.40286702346022,39,mid_risk
30.438905999249187,120.0,81.9539250404222,7.9998582832459135,99.11891975169296,70.0,40,mid_risk
35.0,113.27976224423763,74.74044709899138,7.427643238563066,97.9830913647811,80.66159015412897,18,low_risk
38.155575487277915,139.0,85.78038402383032,7.5,99.0131587651389,88.11405537141381,27,mid_risk
24.36024588014629,107.20484796009848,75.10270713506934,7.731714713150877,98.86490383900227,78.53030159801858,17,low_risk
27.06019074522419,119.73851652449648,72.24292882143133,7.870100265317973,97.98965275761222,71.81042890749164,18,low_risk
36.575866769347634,146.43215258322596,92.45057085655097,11.63171066490006,102.42413874323937,101.7000019933041,25,high_risk
30.113807450429196,113.38420543431211,73.50577399380347,7.574044282967949,98.82405752746851,79.9627597141093,21,low_risk
19.993842303238225,116.3185476528891,73.36172659240906,7.599761803226114,98.11337060463036,80.87968243638755,38,low_risk
19.02954800119376,123.33598521307204,87.01572814193608,10.04035400258502,100.07241413979413,77.48251747054957,30,mid_risk
37.23315704900865,121.988891978537,80.0,7.910974928223208,99.03222553854174,80.25127712487549,8,mid_risk
31.199676388624628,121.89647453334308,86.20861408755961,9.06969054349861,98.0,82.40542367271844,34,mid_risk
32.99077623732353,135.17119472403508,81.54854600213118,9.653946081021008,100.1061617385729,96.65897313971654,8,mid_risk
19.310985161609302,102.30213634938048,69.19976852360269,6.492324201295332,98.69806034571393,79.05809846345397,17,low_risk
36.59710893907436,137.86713545927506,88.73235166461511,9.434938130276466,99.7881241855914,72.11761475591072,30,mid_risk
17.333456889365735,153.2088254012479,92.57377283355254,13.823582343137222,102.45194891277089,101.3386849944149,18,high_risk
20.428118808677507,112.12762946041637,80.0,6.4325815582681285,98.7702688838011,78.01580904064346,12,low_risk
27.7183909957387,109.37525019805953,71.57347082316066,6.570206700654036,98.78317282208629,77.76831551741381,38,low_risk
24.252513423354564,117.10538777300783,68.09062937289599,6.557885062263401,98.84128702882147,85.21636709025717,14,low_risk
26.83672031691375,108.946218245755,72.94166509034412,7.01798995951372,99.0,70.40577254090807,13,low_risk
27.84645951235556,119.90269040403919,71.32332456491889,7.207697186126211,98.18938732516159,80.9989465997766,7,low_risk
29.376766073883793,107.16477960102287,71.9425342771891,6.7341005157042,98.54672561731418,66.2361296323161,27,low_risk
35.45649478147634,122.45748313559926,86.78629498376704,10.111976054401984,98.0,91.19343614834581,34,mid_risk
24.868986919136006,115.82830660864454,71.70454844890504,6.564935619815008,98.40294507256944,71.88076748107738,18,low_risk
17.333456889365735,154.35492620282474,104.52442287940866,10.5,99.0,112.04341457675412,27,high_risk
32.167276189503156,120.0,89.0,9.192412875970737,100.5,93.63268617077749,11,mid_risk
17.333456889365735,154.25136045700194,101.71103364836311,11.67841107109731,99.7896837073504,105.11834883077215,23,high_risk
20.822315944870468,135.4093962134811,89.0,9.341641637734561,98.0,82.55762419422473,16,mid_risk
22.419520981579502,110.87817218208733,72.82689715021293,6.489581665066464,98.5156734692475,75.36345618795148,26,low_risk
24.643519841948848,103.9241219185195,73.04748447001094,6.0,98.18359725368684,78.7985877244739,14,low_risk
36.575866769347634,140.0,95.09636783076854,14.868345401442076,100.71658996851959,91.7481851619633,33,high_risk
17.333456889365735,161.58131962841946,100.81068280852645,16.761097596705294,99.49896898926544,114.26492292964384,25,high_risk
32.11145815631698,124.7625990544465,89.0,8.589314548979148,100.5,89.72261299553342,14,mid_risk
25.8658343583279,109.7630010874494,80.0,8.184368738092973,98.60246306218428,65.0,16,low_risk
26.53626179575723,115.52016280885165,78.98285255289724,7.437479309225848,98.15922222322594,78.83887271960673,31,low_risk
28.093646469841666,132.89296000890167,86.36957513223606,10.252980711030398,98.1565690701578,84.00118065258665,6,mid_risk
25.144965882946806,122.18252093877705,89.0,9.166535492632448,99.83045632128237,77.77909421980627,39,mid_risk
23.85611925475183,132.29946073110423,89.0,8.65909777145685,98.57897881282562,85.71033457854242,38,mid_risk
28.558523182493747,111.19432502688217,69.08848209811343,6.4624898413197505,98.47046018075508,74.76539803793696,38,low_risk
26.509201972179408,114.56316617123011,76.89928642647565,6.863543455812084,98.58359760066972,70.0384419764113,33,low_risk
24.89778371603422,115.64033835481709,77.20271467537387,6.756582805186061,98.42980383753071,82.12981128296565,19,low_risk
26.329256047918367,119.78196727936665,77.42753869395102,6.940335669846967,98.11622753706861,71.68006280066837,33,low_risk
30.086220379976634,120.0,76.57814044221978,6.910303445515849,98.20054644168462,69.55203376340282,11,low_risk
31.320145006979974,132.1540828348617,83.83704596797597,8.374491240996424,99.25238788756577,88.3564035353113,23,mid_risk
34.6136623409531,108.78519122168622,69.07098095666086,7.314549914486227,98.72894018835831,86.36778301229059,23,low_risk
23.45874561255296,105.28229540026594,76.39720759043033,7.681277075170872,98.43158561826723,71.18541976081097,9,low_risk
25.613900070565535,131.58717613223692,89.0,8.68314279290384,99.05340711141174,81.39382101365301,16,mid_risk
25.481182526847597,105.96074460832216,71.74993571002094,6.810103868701538,98.3178863922015,75.3320869072132,37,low_risk
24.851111053960633,114.52583766633634,77.02060444794259,7.245416964003057,98.43740939857545,78.47171799437086,9,low_risk
17.333456889365735,141.22848149867286,102.39123467183542,17.747315386566896,101.05928171070425,85.0,22,high_risk
22.306037503024527,107.42028337492852,80.0,6.636322054808411,98.40488941936607,74.06174578736196,29,low_risk
36.575866769347634,144.22059548836333,97.76594131085835,13.0166351257182,100.20753780945437,108.4167618996967,16,high_risk
21.497526986460972,113.13748969959246,75.67088208622448,7.495791875108676,97.522247012072,72.96286563348798,31,low_risk
23.533272418325843,139.0,83.36267386948543,8.792153747597366,99.65592111715412,74.75218052449179,15,mid_risk
36.575866769347634,159.94998658757254,97.5424755612734,17.551430215579213,101.5073898536617,104.34940673485063,17,high_risk
18.356156265936036,101.38554457066529,72.55980563038962,7.659745785024306,98.43784841786776,71.30445182471121,34,low_risk
24.812317684483265,114.63700738372135,72.51258899563075,7.1050167131942015,98.63058053804897,79.81197517129723,24,low_risk
36.575866769347634,156.38192620182213,96.15704946176172,14.660150667843297,101.25386073721374,97.89701301323872,9,high_risk
25.296379121679102,119.12607633076938,80.0,7.4156854785282755,98.15480669149173,76.85983783000002,21,low_risk
36.575866769347634,140.0,100.74872384410396,11.277097092097303,99.40682792922222,97.99064063141014,31,high_risk
27.112989038852806,125.02976536380733,86.79715209600349,9.341786178969937,99.55472455003378,89.80052261081889,25,mid_risk
26.520791404023853,114.85814661613732,63.2380822769541,7.500498954602527,98.5829297124347,79.00550397451515,34,low_risk
26.399286999198463,121.24223223385674,82.03561096466616,9.09791025011402,99.22053219039806,87.47117034615438,24,mid_risk
29.28757709214102,122.25870179222302,80.0,9.40650347088939,98.25169389703962,89.3875827894754,18,mid_risk
36.727414839419595,134.91959070409308,89.0,7.5,99.80750039951157,73.76441399333389,11,mid_risk
26.187938692932743,108.05863432617163,78.51138586893323,7.427783789031579,98.53023112671484,67.39716505642951,8,low_risk
18.628025065873324,108.98215137669195,78.36098500036489,8.2488822414725,97.5,65.31624596255506,6,low_risk
36.575866769347634,140.90383017978922,92.94624564536262,16.46634639112034,100.01650070315061,99.31006772015179,10,high_risk
24.185678559590553,107.86163335561496,76.60639952506907,7.609933808873285,98.0243033837272,71.3547770898826,27,low_risk
22.313506528247792,120.0,73.83859694475265,6.242463618855532,99.0,65.0,18,low_risk
28.730704614274643,129.83018704019744,89.0,9.40265205484841,99.29844062924703,93.97727080332085,14,mid_risk
26.772240676525108,126.20192812113275,82.08987848785279,9.83744880335614,98.7493618659633,86.13780160557107,12,mid_risk
17.333456889365735,153.7515621010123,102.79994145572584,14.008045915403363,100.91618959402864,101.21860704796103,36,high_risk
36.575866769347634,155.4791307033053,96.14306280842885,19.0,99.43060444103138,87.24613787042266,15,high_risk
25.181197008122414,129.08548362765535,80.0,10.012530259391845,100.5,89.6425534180764,35,mid_risk
21.717270726593156,120.0,69.258259978879,6.6930351368439025,98.40641011291807,77.98882537798538,34,low_risk
18.186470242579382,113.69972722927685,65.80257918737283,6.950024816630723,98.536730085582,65.46737261613575,34,low_risk
26.74529467869613,105.48504922668889,68.13060017795513,7.669577895789911,98.44663140480499,71.77650204750674,34,low_risk
22.231764783150297,126.99631568678264,80.66304955706931,8.047798814930228,98.98915555838677,87.63222836661973,33,mid_risk
28.550414570680687,125.87306731450161,81.86127473162537,10.65768927825293,99.34355871338926,82.74428409256635,12,mid_risk
23.872861564557972,109.29886441089153,78.17375663162441,7.698970071708242,98.94485296147404,75.06113574326105,38,low_risk
35.0,111.35618713597462,68.80728089578014,7.124895342970102,98.04966303740196,73.7967763947295,38,low_risk
26.03889000688593,109.42418665289644,71.45096653404559,7.159125944899229,98.32829958985724,80.94461738113424,24,low_risk
26.814137206055918,111.7080858905773,77.72092855157517,7.4852193664152065,98.41392301619994,71.22406653994747,14,low_risk
18.0,113.93018683717608,80.0,6.590472703806014,98.32532841507462,72.48524365930786,17,low_risk
29.014131591568095,110.168651773872,77.25568120911828,7.125762632235099,99.0,72.82631942365181,36,low_risk
36.575866769347634,149.9729327412598,92.0180477493068,12.35830975522413,99.89977580870139,107.90909276518504,15,high_risk
32.59673164798567,137.0645075328574,81.75427677878734,8.575229966070353,100.5,76.99352644765845,22,mid_risk
36.575866769347634,145.87933030803697,106.79461289168675,14.031120143752869,101.39600255181676,85.0,25,high_risk
26.374473158273844,113.60435388443142,79.106916477147,6.60398478025083,98.8487446019177,73.91937053939972,31,low_risk
35.98148771921569,123.49290839638158,81.79445220698884,8.442506406402316,98.36062139996238,92.89660322327428,37,mid_risk
39.263485474264414,136.43845146475698,89.0,7.5,99.73287179346119,79.02694528770462,13,mid_risk
28.937289593906335,109.28050954586192,76.51392213447598,6.924205936636202,97.90892801421758,76.31835587759572,33,low_risk
36.575866769347634,143.41067487423015,95.88543446664552,11.41382185498955,100.33215464053646,100.18056180614175,14,high_risk
27.34742837520108,120.0,76.04881397979749,6.756377155524579,98.67566578282974,74.9699580764513,6,low_risk
27.61746262541623,111.19414755117671,68.19108078043818,7.384442141831813,98.66381258783566,71.04500336057171,22,low_risk
28.905570381719166,126.75189072461396,80.0,7.5,100.5,81.98079051958985,30,mid_risk
17.333456889365735,158.8106889249368,100.1310416075569,19.0,99.3681463740822,102.1228713387642,16,high_risk
33.1069516826915,128.07619326346887,80.0,8.203151020419655,99.07653569929623,81.6041254677267,32,mid_risk
19.881692133057193,116.52574797888144,80.0,6.6254586269908735,98.00296879730848,81.77407101559942,11,low_risk
25.443690358839465,112.85030148183942,76.41343943604606,7.482925428250923,97.90619520063105,76.50716190270595,17,low_risk
36.575866769347634,164.13854433025492,109.32344684043319,17.413564159362043,100.96603041882969,100.76882041390418,6,high_risk
17.0,124.26840646474504,80.28527454970865,10.340539129990928,100.12683476101422,84.74255547896787,20,mid_risk
32.78121093764442,125.33348004393596,89.0,9.545010097640008,100.42273587725848,70.0,39,mid_risk
26.099670235374425,123.67155675257536,80.0,7.5,98.0,93.761852447427,27,mid_risk
25.06524244137117,131.6136371991254,85.62186213572066,9.252675503913816,98.47249980197674,90.46164518197519,20,mid_risk
40.0,139.0,80.0,10.663395184238611,99.21846604456192,75.22823618301341,16,mid_risk
23.367698507913794,106.65284664750827,75.6079660566962,7.803554707077851,98.67602947053464,77.07117501832286,35,low_risk
26.969805056032598,111.54541428078724,80.0,7.294853535193911,98.18192550210948,65.70380051013586,31,low_risk
36.575866769347634,144.44412921992284,102.17425630923438,11.756603320020105,99.49691822476743,112.17872219473078,30,high_risk
34.75558153651159,134.19432846531487,84.9982470160823,8.728120570822885,99.98485673910298,73.78385203481699,16,mid_risk
31.13095565201031,102.62085514782005,76.4193832559402,6.733577109092456,98.44564059689061,81.7750173148006,15,low_risk
19.502141787098456,121.42463733940998,84.82104979952445,9.117376481287764,98.79960252012417,82.13441606969779,15,mid_risk
36.575866769347634,148.92058619221964,104.92895612415465,13.560545917547792,99.0,87.66771983804128,14,high_risk
36.575866769347634,157.6571539466821,97.67873350083609,13.785690851015794,102.58837433322641,113.74600810527747,33,high_risk
32.34118804848444,132.52857245847986,89.0,8.414003703341061,98.51921725659764,74.55073839616837,32,mid_risk
37.13975951126543,133.11300610782794,86.7622561520894,10.524603826364935,98.0,86.51931176736089,12,mid_risk
20.2669659493369,114.42238054201965,78.34577296248449,7.367009180786802,98.12558009718593,74.10840199650247,19,low_risk
36.575866769347634,161.50831484769395,101.59761826316611,14.56280418105256,101.80655714520131,85.0,6,high_risk
25.293271868753614,114.54436626678454,68.8941877121985,6.340397226156209,97.99683532182873,86.8334465961209,30,low_risk
36.575866769347634,140.0,93.49937277880173,14.577867521220654,100.47330897905275,92.23104542722,13,high_risk
29.50626011819103,109.99708306146394,72.15396399776277,7.843157919127078,98.43319496752501,76.33001761620025,37,low_risk
21.8299170462692,108.68885112464532,76.07432750180955,6.1864901772196434,98.35920211334563,76.648084725877,27,low_risk
27.463742427777056,109.94084634701554,70.91179161533152,7.608138125050577,97.9811369725239,81.76183100852,23,low_risk
26.445582422033656,112.33989954938264,74.19118997480014,6.960060562721318,97.92843060348068,83.40043645811602,35,low_risk
36.575866769347634,166.84563181080847,96.24851010721378,13.290801122572995,101.77199056695882,89.38868103773493,15,high_risk
32.39582437978138,116.18172642706442,78.20991847726063,7.492383142226997,98.32955502641606,81.68084539907122,21,low_risk
36.575866769347634,160.46480035968796,97.34869802470664,11.435652930525215,101.34066948885467,102.07305615442154,31,high_risk
31.258574623256024,114.91900986295721,73.74897691479127,7.309500618359528,97.77785050646351,83.83643322322978,38,low_risk
18.418405012172432,106.49498307391441,75.56189105233285,7.294784587350871,97.78699268926815,78.4000000336814,7,low_risk
26.243630262392017,110.90262135337096,71.25865602537462,6.2998668831318385,98.64550834231596,68.26311647674187,32,low_risk
17.333456889365735,140.75692419815647,95.53275880529003,13.037267925820197,99.34677797795736,96.45754226975787,26,high_risk
17.333456889365735,155.18494222547122,94.26706391232631,10.5,100.34882121479447,102.0424659998645,36,high_risk
28.665310698809925,116.16087347148397,75.68072481513114,6.862894740388981,98.4932171806118,70.59730923173184,31,low_risk
35.61415722749564,139.0,80.0,9.196831871988227,99.60274728627753,82.62935773881053,21,mid_risk
17.333456889365735,141.30203168662038,102.59776252679777,13.071447715722737,99.05735209809528,114.09133186820746,21,high_risk
25.348188272952687,106.36398763708748,80.0,6.494295998067132,98.41651498223499,72.89891870095703,6,low_risk
23.92237266222177,106.57778883561923,69.55379585885838,6.692184168067817,98.44282298119693,80.29104634076835,32,low_risk
36.575866769347634,165.18987779427502,101.13634600986154,14.710763225531636,103.45001734377546,92.23906720127667,30,high_risk
31.688062962775927,133.3260804320624,86.10723263880624,8.406857600721382,99.47298749734675,74.57352253113586,17,mid_risk
26.89533168364715,120.0,78.45123750418254,6.355910994301477,99.0,77.83870517778004,7,low_risk
22.305553714607058,124.7833899244812,80.0,9.654802320176042,99.41521402221724,82.31913963737578,17,mid_risk
34.463921891134945,132.17870904377747,80.0,9.35448910707702,100.37660997945657,79.78480324899965,33,mid_risk
36.575866769347634,161.01152672898652,100.92296043547202,13.365319052032625,99.01198764808206,101.51295277330965,36,high_risk
31.19973762007016,113.79575548243895,79.35771576117443,7.521774545710314,98.42009107966628,83.60776292261853,24,low_risk
17.333456889365735,140.0,95.39347936174701,12.283276885632695,100.31089608649414,85.0,12,high_risk
28.620448937989845,123.35379893051505,83.86705002251479,8.43353365695509,98.40209810340073,85.84351380945097,29,mid_risk
36.96047622060591,123.98243366620937,85.22246233595573,9.201980266597511,99.53142017401089,98.0,17,mid_risk
26.337827159948098,106.03390375234892,74.88875053134015,6.0,98.12091243844071,73.80908432081073,11,low_risk
30.573189372763455,121.4278871001181,81.41150179876566,7.950448755241603,99.78974504535886,75.499145059794,25,mid_risk
23.459670878334734,117.95225409721914,64.60037807430477,6.239837337297774,98.54046618705084,67.35411019285048,6,low_risk
26.742362601171227,120.0,80.0,11.0,98.41809339981229,84.3653904289903,40,mid_risk
28.742713572589846,118.60575780999143,78.87656229238989,7.261490785294924,98.54389559005072,75.59633521051879,23,low_risk
31.180490820853553,120.0,87.22048804033749,9.568204853059175,99.7931152732016,88.38335328181802,10,mid_risk
22.509201920717626,94.76642672031011,74.90713310056985,6.786668674454757,98.76416739987424,69.86048065974649,21,low_risk
17.333456889365735,162.32300703821605,90.0,11.697096346602496,102.39253011350279,106.672973648259,32,high_risk
36.295906607566025,123.42839516276598,82.80524609558961,8.631782567666972,98.48903171951463,82.20183331534915,12,mid_risk
39.28738604647865,120.0,80.0,9.302457470650953,99.3067546232352,84.14513039368714,9,mid_risk
24.735680805410734,102.97167775581399,76.26754356277233,7.895628625980313,98.92620331637605,76.34718428456054,33,low_risk
29.478299645738307,120.0,74.99905216859356,7.20513364849461,98.8395933429768,86.70353557121061,31,low_risk
22.825917443266725,139.0,84.75424845979344,9.748051844955665,98.07073945189995,97.04257215978052,32,mid_risk
34.17131378944769,126.17147687099032,88.46257932350541,8.466857561036178,98.7205244155468,93.23551930195161,25,mid_risk
23.02799626136467,120.0,71.2128847344584,7.659526967688369,98.58267520429216,65.0,14,low_risk
22.278633394512223,126.23957194102644,89.0,8.50765074074629,98.0,81.94489085232537,39,mid_risk
23.129195194752434,108.65018947632382,75.12169828389041,7.576563778537099,98.7468749651311,78.13202917354081,22,low_risk
33.569081434447455,112.20491450492814,80.0,7.2116287426188155,98.28995142869799,74.64515950554375,19,low_risk
36.575866769347634,163.09095204837678,106.7938291655501,11.630175822557904,101.28314207761095,108.45746563109873,37,high_risk
17.333456889365735,140.0,111.90137906325862,14.381853073967328,101.16319471191993,99.68478616560476,7,high_risk
27.42403980538256,120.0,70.61502430770734,7.373236801805902,97.565683024438,65.47429088306501,18,low_risk
17.333456889365735,156.32546812916965,90.81895281946106,12.570210597942426,99.26463667508484,103.92574154073068,32,high_risk
20.729518282469623,113.01076585761768,71.91902797557373,7.515922010203385,97.78738587390255,68.38425336854138,23,low_risk
36.575866769347634,150.60135097356715,96.19669522505046,11.165448555523604,102.28480603301765,102.2035731077765,30,high_risk
17.333456889365735,140.00945882488617,100.17182067145262,16.557261396768574,101.05931021533914,103.28111521830044,28,high_risk
36.575866769347634,149.92724683426636,92.29772097017063,15.99981353950353,101.37003193746595,101.74210253790025,19,high_risk
18.664388706057107,100.8007602918363,79.76795171658463,8.15560199896973,98.49594309833972,76.9638996421187,40,low_risk
25.76365361565603,135.80705666646202,89.0,8.017280196276023,99.24534998183876,73.8604277879745,22,mid_risk
32.06410686366573,123.41575259030223,81.15937728798488,10.923029403083998,99.83992876199265,84.51133176976197,34,mid_risk
25.97986628443489,114.619358824946,80.0,7.131911612470716,97.71923910799268,84.81870555272498,40,low_risk
26.993225914645123,120.0,84.28855195815575,9.24315941684525,98.68741710989869,71.37134271781633,28,mid_risk
17.333456889365735,174.3563341662053,101.77408863816466,10.5,101.15521611027314,89.57296006339253,13,high_risk
24.861260450452875,108.6967789030505,80.0,7.0870431989482165,98.47372362563125,74.14623991241255,40,low_risk
24.334157520639696,130.50061260268453,89.0,8.720360413874737,98.61505260726877,72.36597618054003,23,mid_risk
27.518515367694448,119.36159934330584,75.50553669595871,7.435984230003195,98.51151992495419,79.49069062377018,37,low_risk
27.59611719247698,133.02664036593438,89.0,8.037242060966083,98.98209630153183,79.23141921603427,11,mid_risk
17.333456889365735,146.53623747644951,99.16612944234991,14.97394811240163,103.5,97.94841778767815,37,high_risk
27.155640174738636,113.43021389640872,74.38740259259431,6.274129063234278,97.88972693600171,70.46686656741024,7,low_risk
30.78791153741493,114.34278909957334,80.0,6.662200404844763,98.48758556634239,71.73218063830312,15,low_risk
24.73699895570805,112.04079906735998,79.50661478867882,7.350789988942862,98.56130982521488,71.654184794754,29,low_risk
29.690916077037457,110.90082028767767,74.61539100828091,7.591398202906008,98.81025284554904,84.61820820546252,14,low_risk
34.05431866380262,120.42864682172198,89.0,7.530357689370227,99.90920704166042,82.9623524730259,11,mid_risk
17.333456889365735,165.49879627566222,95.64568724563412,11.381501351995226,100.22224894932127,89.69932072318885,10,high_risk
34.25863426669403,119.17978891987391,80.0,6.961682810312408,99.0,76.22544915601519,19,low_risk
17.333456889365735,166.95328585573262,92.2155202823005,12.765907267766815,101.68842305647279,91.94706428849334,27,high_risk
38.088585378878925,120.0,87.61106315448254,7.964561833234987,98.13548787692318,75.7922307026101,8,mid_risk
25.19233978664553,111.77777921770952,76.24609360642518,6.620047265408811,98.40521734975079,77.9442186562392,28,low_risk
33.969732667356276,135.06388964369432,89.0,9.211298806522512,99.85581445558039,81.52954730329745,39,mid_risk
36.575866769347634,158.3603591103609,104.22046792479433,15.02145639207098,100.83503778023992,104.26688225334655,38,high_risk
23.923637118865532,124.38041435373114,86.55506785389285,8.831808615250367,98.53726645563975,98.0,33,mid_risk
23.920500258826515,119.59424704518821,79.20862332029425,7.171577578473339,98.5637754122569,76.55233082387196,13,low_risk
21.76602558842725,112.89200474321267,79.48234616905442,6.617925443772214,98.78251800083655,75.31264343516489,27,low_risk
17.333456889365735,158.64007584053164,97.92281333639369,13.499391635943697,100.19235734495463,85.0,23,high_risk
36.575866769347634,141.93540100620817,109.14881543435513,15.085304503104538,99.0,122.86371698878824,14,high_risk
29.42315185894586,130.66124057181688,89.0,9.109710371921604,98.17182177051663,89.96003991120602,25,mid_risk
30.85056000827148,120.0,88.79206396374725,9.120395316229251,99.61774527673089,79.18449121942378,38,mid_risk
17.333456889365735,140.0,90.0,16.134238005777718,99.0,93.36883196046051,24,high_risk
25.141054207886913,111.27771301627841,70.9570513838015,6.877171344905917,98.66385999923295,84.57256097222063,20,low_risk
24.70221633693533,113.10015951867493,80.0,7.082765789293786,98.43243301716033,67.00491278825382,26,low_risk
34.69853745972796,134.896883161517,85.24180401166316,8.14898811074232,99.96940814522829,77.9820034401701,15,mid_risk
24.923935168389246,109.10353886690781,80.0,7.162416253603659,98.18416351170515,75.64207412804684,30,low_risk
31.52964521572654,120.0,73.83193717648143,6.911499726292813,98.83684271359297,86.15407943477923,28,low_risk
33.241263281629344,131.35990996176645,89.0,7.621399659418083,99.10354363458463,80.260956316101,9,mid_risk
27.554369835109497,103.562095217969,61.55836323293505,8.455918759325968,98.91682413373061,83.21159001723726,29,low_risk
36.575866769347634,159.1997864309067,115.03585302512886,12.954074799575706,99.0,85.0,32,high_risk
24.1675109985709,111.83491056969618,76.97514732917783,7.3228553294410705,99.0,77.68027205618442,14,low_risk
32.507183250232266,107.97627874554013,75.80708658636551,7.629523646814576,98.48823341509495,86.16128280048203,25,low_risk
35.445495014237224,136.0181541809481,80.55523331060121,9.642046476147462,98.0,81.84177394597054,14,mid_risk
31.204607902090093,106.00418660623053,73.12218027250393,7.021574352454136,98.24701904093229,68.47896392576943,38,low_risk
18.939235751205793,116.43286288532502,67.15842480583595,7.196663823811158,98.25065262999877,78.00021910756527,36,low_risk
32.52462827776236,109.85532746313744,80.0,6.854148254199094,98.08157434491176,73.84624968892352,31,low_risk
36.575866769347634,155.72671140637635,97.00194913288718,15.73353608961814,101.43916289196281,116.13237449961666,9,high_risk
17.333456889365735,156.5640510973612,90.0,15.893783154804494,100.57075850737584,93.1530170861174,20,high_risk
30.023024502294085,113.57536797401156,80.0,6.877412545332111,99.0,87.71864318963544,30,low_risk
25.113273504521846,110.0326317009225,68.2332474470202,7.44633005119657,98.60404974450003,68.3707088746463,24,low_risk
36.575866769347634,149.662895852202,90.96405752456042,12.476679240985764,101.29589225005998,100.44326301593404,26,high_risk
22.779201893227206,110.85976578999103,76.33272655725064,7.06121943424218,98.01331924371894,77.88666754524911,19,low_risk
25.279208339960075,109.06690346928235,73.69117900069935,8.159122867257805,98.08965007073341,76.11759769946578,17,low_risk
40.0,133.04813257590794,86.11420505729646,10.756150895211793,99.1434168803832,86.83152172131638,20,mid_risk
29.17664350827629,115.55088480244827,79.13493131659867,7.702658532927954,97.7998093803348,76.5958828897081,35,low_risk
31.943855212661,116.0812966327027,76.17385032278446,6.6033428869201245,98.59160125735711,75.11716297111536,40,low_risk
21.367903697915157,107.5868203444614,72.85100184712402,7.598821647199866,98.46212999967976,81.8030687346337,39,low_risk
21.785301728121077,108.70265718454851,77.96587844109338,7.538905415160074,98.31128743851355,73.97310943485158,34,low_risk
36.575866769347634,159.16498539121937,97.90057217264251,16.89813192428495,100.63453813819103,96.71157320252665,33,high_risk
34.44776815539814,128.9652371775271,88.30620629910084,7.5,98.0,80.31038225114173,40,mid_risk
31.117628622381943,134.02278664960218,88.75996769847833,9.720576281722892,98.0,86.36881121546142,28,mid_risk
22.401055983240038,120.0,87.99689560595638,7.5,100.07110769677205,97.85008304581339,21,mid_risk
36.575866769347634,149.43047698077424,96.66142712543079,11.752427154302728,99.50872053749643,108.02452025225088,27,high_risk
33.200624378208104,129.8370825205906,86.40518638388293,7.5,98.14506621757708,90.12405345565674,36,mid_risk
30.59007982053953,126.30966913765396,85.91438493443265,10.661725319067147,99.52477239934642,84.4342396087983,29,mid_risk
25.32749655754529,114.66761600932084,74.61773847977791,7.974386676553529,97.92041944080246,72.01938305668307,40,low_risk
26.924036926946854,105.4542014187088,79.24353563208282,6.796508642396199,98.55614647775816,72.8406692011798,21,low_risk
21.920107075765433,110.321438989025,74.89238331942695,8.5,98.65692049400448,88.0,15,low_risk
27.44148106173386,107.03871787576084,68.97972701578995,7.316905404162083,98.62142781242713,71.51526607625073,13,low_risk
33.484044955801764,138.28594481706452,82.46295696617231,9.396679781629436,99.6173397193374,90.59264709395342,19,mid_risk
36.575866769347634,141.57690314777693,108.8865138224494,12.258335685634744,100.11037823135324,89.30079272354966,32,high_risk
36.575866769347634,152.35000927573026,90.0,10.5,100.95126470571252,99.17693534564684,22,high_risk
17.333456889365735,159.82036441736832,95.34342115270411,11.987560608236388,101.42945902087851,110.7212751490847,31,high_risk
23.30123873156997,124.26761243036007,89.0,7.5,99.5977761907547,86.0205458644313,11,mid_risk
36.575866769347634,157.621597004134,94.6463722388082,11.681670357557344,102.24038196984031,88.28154389051299,32,high_risk
29.753573093792337,116.30911435424761,70.35863898796694,7.455192784998067,98.52851658830296,83.8591910166012,37,low_risk
17.333456889365735,140.41556640452163,108.68981799699685,14.57415644375788,100.63980710391859,101.17539541511313,36,high_risk
26.573941541687,114.1817912957498,67.13767226057949,7.376982873425293,98.73486179453256,86.91863072387558,29,low_risk
27.588783758810965,106.11300681316192,67.80473648736678,6.6129002724800365,98.0437004545791,75.76513583818995,11,low_risk
25.101286219951767,131.0537428067203,80.11602252661979,8.249973288705153,99.25181503169571,83.23046228304615,39,mid_risk
26.04269506329563,113.50120123751017,80.0,6.775253435595555,98.74176080044829,78.03396108285652,34,low_risk
28.5850132635007,123.71973532246744,80.0,10.499351538497807,98.93155528547896,91.4842889186379,17,mid_risk
28.992040439438608,118.35961830427973,69.88032256514,6.0,98.16485747803681,70.50713782545824,20,low_risk
25.856374976520815,113.08612935222224,73.80346356186185,6.841815427967356,98.62240883873692,67.69995533817034,18,low_risk
26.106763197320078,105.7311448358738,68.95722657961896,7.0424042878102995,98.61987327451611,72.69647759799577,8,low_risk
22.18729429949645,110.83704316736318,80.0,6.652313448422093,98.27246145780211,78.4289404528496,40,low_risk
31.95139238529773,120.0,83.58022650849745,7.829607950010745,99.46625583915456,91.2702152452401,22,mid_risk
21.383484398403652,124.0112157146066,81.18280855859643,8.997469468754376,99.95162317773074,84.2853206123487,35,mid_risk
31.704408297307804,124.79900332225006,81.26267788690207,7.5,100.00048272681302,81.49541714574954,19,mid_risk
22.90910791792384,101.36180519075872,74.92587768414957,6.903020711779156,98.38980234856592,68.00530991263261,12,low_risk
25.398605460350566,108.36630676157881,71.78477989435758,6.280379664066042,98.45983918300752,81.43926494265978,29,low_risk
21.711118417734273,105.56716592808635,75.47812244373547,6.5408277448933125,97.97846580185427,74.70527724203069,30,low_risk
36.575866769347634,154.85557870279865,93.71249402549344,16.520048594685015,100.94859249571552,105.01422502921072,35,high_risk
24.782820533928753,120.0,70.43913067911978,6.621479957146054,99.0,69.24607019319649,23,low_risk
31.3483389449364,132.07236910939253,82.59096663246622,8.374174512310942,99.39576034116936,81.20560667344341,6,mid_risk
22.63371444465668,107.18092629591793,69.83471971499621,7.469181458708716,98.05933513026625,82.67260371532804,36,low_risk
22.896979913276954,118.17976490548696,76.28843293026776,7.963135453163194,99.0,71.42549229638252,6,low_risk
31.072144652062235,126.15117879464677,89.0,7.879514378417355,100.33101978199434,85.478850594767,25,mid_risk
36.575866769347634,140.0,112.91599778709937,10.5,100.24520517950586,111.03985992110907,12,high_risk
32.19975701701555,139.0,80.04936412352396,10.936749947100658,99.75725307476604,91.81926728127979,26,mid_risk
30.814136308629266,105.38074980566991,66.17598614318972,7.4774901744401125,97.65879260684098,85.00505818168227,26,low_risk
21.140306157679582,119.30295112495298,73.4188547843902,7.194426863059311,98.78556277363035,76.18285848352377,31,low_risk
28.335688618195615,114.35449580307261,72.34939953016774,7.3300098713785715,98.35721141205661,66.5714800099702,34,low_risk
28.332613749532307,125.85791091163526,87.77067660246286,11.0,99.50508126492393,97.8593547766508,39,mid_risk
26.38595390359197,109.64792416048522,72.86261870023296,7.487616572057654,98.1127740865527,84.51673408478703,14,low_risk
17.333456889365735,162.756648897852,104.83077031861646,14.532073233949173,99.17041626009886,105.01243542795011,19,high_risk
24.106148858696596,110.99726971728153,75.67529014542059,7.236051596769098,98.81617235705794,76.81114204592431,32,low_risk
33.85416980561782,129.98432514316644,80.0,9.693435529961684,98.68640240443733,96.06525735306774,26,mid_risk
35.99990108973972,130.8572938891524,86.98865917440757,7.5,100.5,75.38978480993669,25,mid_risk
17.333456889365735,142.0313088433541,100.58447437344199,12.893537039995584,103.5,98.54561191726158,37,high_risk
36.575866769347634,150.54963837351283,102.71595207494136,14.65824781483072,99.31053837117236,101.14678546183471,32,high_risk
36.46589042764111,135.2080425936169,89.0,8.227010083790681,99.99270809728348,91.48885523562511,23,mid_risk
30.316610120529724,115.6270919581322,80.0,7.555518184390657,99.0,73.73341067486514,11,low_risk
27.54603987189197,122.33734977412851,83.57466025774889,10.886558033141043,99.40150428807429,85.39995541696246,35,mid_risk
28.526559027797802,120.0,80.0,7.15306160456489,98.24621724840917,69.83245740993557,18,low_risk
25.488039258581445,107.42365132860272,74.23001373626637,7.834688508492478,98.6066577783744,76.19311052222103,26,low_risk
21.421570791121983,113.16153946820526,73.99843163694112,7.593242297910143,98.30773533334413,80.12173979259207,36,low_risk
36.575866769347634,140.0,96.16679472776286,14.18938267155092,102.14351226707475,85.0,39,high_risk
33.11703986997514,129.4857335149517,84.9782928090452,8.385348710299011,99.26379973399081,83.25113494012703,7,mid_risk
34.744741114035484,122.26500583430021,80.0,10.017873210475612,99.46340004972747,86.71840300573712,25,mid_risk
33.88541129232628,126.34762612440845,88.01105290460417,8.558541426529493,100.28399170747329,98.0,17,mid_risk
36.575866769347634,148.52384108035568,94.18756733043212,14.756818990777195,101.58638495466397,89.15287800065829,10,high_risk
29.571291258060082,109.34030649285094,76.2864020230762,7.283932339703477,97.76702881039056,71.07472646554189,20,low_risk
31.089855600193296,128.9725399017012,89.0,7.5,100.0387214985133,87.35219967688732,22,mid_risk
27.648522698084186,101.3893638066229,70.75117386575866,6.350263766524413,98.66362173756538,78.7602539431628,40,low_risk
36.575866769347634,158.78268167508423,101.15822900551586,10.596011424521027,99.86655996870799,93.65536486714659,31,high_risk
17.333456889365735,159.0926912293783,95.68407495603245,13.713653031883462,101.32075397102717,87.51418687858147,36,high_risk
28.92928063955268,127.51936645682649,86.0239008897445,8.456972852611084,99.60059869278147,86.034914706238,13,mid_risk
27.784825459253675,110.22711809182503,69.51678886342395,7.765673108484045,98.77545600907159,67.15298387771058,22,low_risk
26.390326821446685,117.68515877273714,80.0,7.6539388049478845,98.30776544059056,82.01341700021756,23,low_risk
25.89636992724167,113.79251745019411,69.80707100776385,7.054380751304831,98.9452915900529,82.53721949845985,23,low_risk
26.882204723504298,120.0,89.0,8.875185391334389,100.0628760928895,89.05732607372443,36,mid_risk
23.35249213551013,102.49518434196706,69.71613953086603,6.241276719303098,97.81962884355552,75.24080452151765,16,low_risk
32.740355790246305,132.90112754070165,88.93501180302123,7.7545050258225885,99.24731486535343,85.95261254579687,21,mid_risk
36.575866769347634,140.0,105.19879387325727,14.754304831659557,99.31148345060132,117.23699135296815,34,high_risk
31.47618518346763,120.0,87.30874621808601,7.5,98.30939464478321,81.83335698664058,31,mid_risk
29.21520820813961,120.0,79.11854773053491,7.54230432501271,98.70830008384752,72.28526231050041,18,low_risk
36.575866769347634,155.79290008090214,99.03359028357166,13.276110871663482,99.0,99.52026780267003,36,high_risk
28.164127788172188,110.96232364045946,77.52253269912362,6.365866844907923,97.84776051764014,74.44636722052965,13,low_risk
20.048738004692602,111.11438448220798,68.78977793878448,6.0,98.63983101649815,83.53209868173084,9,low_risk
18.0,114.65164389741645,80.0,7.821781735243488,97.6170645643464,72.41512685185359,28,low_risk
32.99519789867169,137.57953101239735,83.25585758621426,8.170862068410047,98.0387283371601,83.29390444789615,35,mid_risk
17.333456889365735,140.0,103.53259228433605,12.5658396442776,99.0,99.04107146927677,39,high_risk
26.84841389705308,118.53249171822512,72.57562253315164,7.009057483354428,98.71334348420962,77.69831897355192,19,low_risk
30.76046886179789,113.59526937791229,67.31637280562035,7.177264150969902,98.45036055535799,79.38272725004148,19,low_risk
32.86988350415839,139.0,80.0,10.604881125424239,99.05042525642565,81.56738679223659,15,mid_risk
27.077386056964688,110.24913238650673,71.343928526962,7.887618086485239,98.38149551309347,80.09046045289085,34,low_risk
21.98289659992257,104.04371388350776,77.8201489078643,7.459330014455553,98.99923905339512,79.65481311432109,26,low_risk
32.08320254254204,99.97682581355949,72.10996050490891,7.40643235293808,98.36803661893498,70.87640254923966,13,low_risk
36.575866769347634,140.0,108.91250677486747,15.683821180174291,99.51988955689555,108.39922487571994,23,high_risk
26.581571424854573,139.0,83.40967590746348,7.5,99.48316063550159,84.01988608124155,39,mid_risk
24.02022829972206,122.2228862669691,81.55437731790127,9.211614352256152,98.76347280543085,70.0,22,mid_risk
24.392859619857667,115.0816006394183,70.1500196690127,7.510167909449023,97.91324131586394,70.29427970143317,15,low_risk
17.333456889365735,154.12779374568098,90.0,14.38005781482402,102.2162432480015,101.49665270896158,18,high_risk
27.93056030886232,99.07994248077253,80.0,7.8998223274015515,98.4288612947287,73.29218281393801,29,low_risk
27.362619322769238,104.5653575460766,78.30818062248972,6.0,97.5,72.83203586940631,36,low_risk
28.88628380381742,106.46553889300898,73.67905911445752,6.620252208148048,98.3635696558588,76.7457141691051,10,low_risk
29.351138878007706,123.80146242965708,89.0,7.679873783352409,98.66225469106121,72.29700184910895,9,mid_risk
36.575866769347634,149.01825651362037,90.16563426773529,18.233271419499477,101.13962537772471,88.53364759775907,27,high_risk
19.777218735311926,125.85237951042589,82.87758205856329,7.979294169580631,98.41500324111946,75.34734777034018,37,mid_risk
24.802145161390268,113.96046858761392,77.53039456907565,6.831847436782324,98.54333780443041,73.13874123613698,24,low_risk
30.42496011428329,104.12898260589904,71.9594958041989,6.124136128479254,98.31804933445412,80.29804048324246,25,low_risk
22.665470273240402,129.99145684768214,84.88681698592121,8.14154039038208,99.23618095251724,82.37736824708796,26,mid_risk
30.878544713022833,120.0,82.2300149924627,7.5,100.5,90.0625490888728,13,mid_risk
25.062486032652657,133.67149160854973,80.0,7.5,100.36017549906697,83.4511808319408,20,mid_risk
25.596199044426395,120.0,89.0,7.767879614406323,98.89329447819098,91.84588201580952,34,mid_risk
22.078533473131454,116.33428814696663,80.0,8.01753771162747,99.0,80.15930560995223,12,low_risk
28.008970381403884,126.6259356211203,80.0,8.368037894291051,99.45573809006085,79.8932914491209,14,mid_risk
33.636651424515016,120.0,80.77681846263195,7.5,99.46527996342326,79.33637655491277,33,mid_risk
28.763084751952864,109.78283842699985,69.74732360626479,7.526034496723086,98.10048008159198,77.76369632765898,14,low_risk
29.434814322331633,103.19484840548536,74.6953019932671,6.0,98.25968871775939,84.11841496099845,18,low_risk
35.425889240861586,121.79667570954751,84.13145390387874,7.794588044772933,98.0,85.75541903771807,38,mid_risk
21.88678109839075,114.44231372274722,73.80490240311228,7.83233493137753,98.37899797258454,65.0,24,low_risk
26.0241189372555,116.35057472108798,79.037219865976,7.4524197786110875,98.63173870390271,67.58578429945705,30,low_risk
19.86803110324572,120.0,74.97025971802937,7.1915406204559975,98.58110254083068,77.46974255903203,38,low_risk
33.61272983004623,120.0,73.84470533564549,7.384605992040669,98.57265265185505,72.07279857401014,27,low_risk
27.801239517635967,117.62542082575935,80.0,7.158280628254639,98.74128061802062,84.66202191499742,13,low_risk
17.333456889365735,169.35361564628087,90.0,10.5,99.0,102.89460083291124,35,high_risk
19.731411021904677,139.0,89.0,9.21089629692199,98.72100815015496,94.9952114384868,10,mid_risk
26.229198083506436,113.81075139891679,65.07066754032944,8.5,98.70352976646545,71.09264894716897,16,low_risk
23.222826959695553,117.81674320316043,73.3524137656828,6.635760650109388,98.44535775678668,88.0,40,low_risk
28.597457076877653,135.1912256789529,87.24885057969584,7.5,98.12340071676034,81.16286875685097,37,mid_risk
24.061651466499413,110.6514075886439,71.54048776246897,6.340108911285173,98.42722890769946,71.67417934918062,9,low_risk
22.79877938461832,120.0,64.79961127747123,7.042351951388098,98.53648633699682,78.7374969311712,14,low_risk
35.0670096548252,120.0,80.0,8.45319333574736,99.13041912189863,90.65690367169609,21,mid_risk
22.785647033168022,111.72753269240657,73.20318883927047,7.241621881594842,98.42101054728613,78.7664681937786,21,low_risk
21.382733499582365,107.84547412075686,74.1722050585292,7.418382378511643,98.35599780051959,75.01510352366935,9,low_risk
32.6092418601294,127.6372666123195,89.0,8.842326631174364,98.0,83.99777890309936,27,mid_risk
24.41495218884837,120.0,89.0,7.883556808985253,100.07990661884278,98.0,8,mid_risk
19.389578912801227,114.9981106618176,76.12033430759226,7.1690862428852125,98.37469041604123,72.29934783088176,33,low_risk
28.29268233584766,107.14237888047012,78.75774885287021,6.788232518546949,99.0,67.14242473598932,21,low_risk
36.575866769347634,152.64662265000354,93.67877716118122,15.78967139711407,100.97199476600711,85.0,7,high_risk
27.85600197636837,113.6954797029298,75.58077978591389,7.43298720325407,97.61798049187269,74.04259777335184,38,low_risk
26.67100064949115,120.0,80.0,9.218917602886606,99.39235800411201,70.0,13,mid_risk
32.38654798419066,113.13823700566238,77.47701237275149,7.085476668268092,98.59715358874075,80.48466982856233,31,low_risk
24.38757838138567,131.4266193133554,89.0,8.007436576050045,98.12027997602733,84.34375490952674,19,mid_risk
23.854985697527766,126.52935535743903,89.0,7.7143524332974245,98.39621901788364,90.20680144009818,17,mid_risk
28.501736121675936,124.84685120517683,87.99524954273866,7.5,98.43939600913284,90.95326223115713,39,mid_risk
24.79904756220345,116.45276494643136,80.0,7.027923458557039,98.69140745740582,74.82716413848415,29,low_risk
28.75313522390399,116.95058958800581,75.69276438142957,8.035908754760944,98.51809303001625,81.80676681402056,6,low_risk
24.023373458837405,112.19678197246952,76.1077304176828,7.579472529985381,98.07912023678594,74.50615806831595,6,low_risk
35.47724742254475,124.11367522873216,80.0,7.950906530777784,100.22229146991211,70.0,7,mid_risk
36.575866769347634,143.29013084478433,102.25160478979683,15.84191695457318,103.20209986716397,100.77924194976772,33,high_risk
20.021381186754333,110.49972091240629,76.86195155587838,7.005559094874618,98.24856810271474,74.24388724614833,39,low_risk
22.34839632979621,113.43642700321226,80.0,7.8360538439452,98.45167498933269,80.55700022509673,29,low_risk
26.385792837987903,115.21991651516372,80.0,7.121963823867828,98.05911014280107,71.11593598425067,24,low_risk
21.469684597009493,137.21417175509498,86.90923328495163,7.5,98.99873657837848,84.67161767488186,11,mid_risk
21.670577707583085,106.59627559211279,74.39288514859575,6.992901176730122,97.51057033282513,65.0,38,low_risk
28.85634867315343,107.44902799179958,75.33409198147702,6.915493094937621,97.94113619559532,77.884776978704,8,low_risk
24.867492108504813,112.13479535687227,65.58670652938657,7.413751673223651,98.90842613040282,84.05308078746913,33,low_risk
36.575866769347634,150.05015578914094,98.15284300233603,11.13962149495012,100.57953065318345,102.59712632538998,37,high_risk
19.301007255146175,110.10154930183118,72.432351569138,6.744178129511828,97.76024209512228,69.5085137877212,33,low_risk
20.234786011189406,110.06392096694718,74.85919669896765,7.551542520698789,98.32634167372673,73.37357606557406,28,low_risk
21.410982514056673,118.8918240965723,69.37767005935223,6.78108019523337,98.29802121183857,77.47023198589244,6,low_risk
24.237270396946613,105.82377095090757,74.17013705536117,6.914522733597059,98.81638166951912,71.44196189348467,11,low_risk
17.333456889365735,160.8246055588201,98.49789913912247,14.935771212444026,101.02263092836593,97.00973727311947,36,high_risk
28.713445669076616,120.0,88.87308120699545,9.719413117145463,99.84244839092703,85.57658713709164,22,mid_risk
36.575866769347634,144.2340473391013,92.19637786648727,15.967760496088648,102.03080145805914,85.0,11,high_risk
36.575866769347634,148.55995857123511,98.0957747821101,11.595387257554645,103.5,114.73752498001272,12,high_risk
23.96163459454558,109.38168465684059,73.50452849879366,7.394604126008921,97.5,68.53308130066681,19,low_risk
27.14190804215367,120.0,86.99567517687389,9.000138326386772,99.85189929429981,75.99960752362149,19,mid_risk
29.39510740794876,107.51672992511305,70.82221079297798,7.367560702929916,98.89348971133448,84.07659876708554,14,low_risk
30.90142486779821,120.0,78.16666955890153,6.73269777430774,98.5501823430509,76.3506968842339,28,low_risk
26.484583493485236,118.45604283159159,76.12744966620116,6.609207129091643,98.20321723805222,74.30724533839653,32,low_risk
31.891060813219465,139.0,80.0,8.230078453334503,98.00534581978526,86.550014661407,20,mid_risk
20.414618427925248,120.0,69.26053641365507,6.591312163975552,98.08876208566691,87.8340668744932,23,low_risk
30.110659583153698,117.4815077573995,73.5970012535162,8.077317563230583,98.34838635394809,75.3511660576515,12,low_risk
27.353268825938308,108.80379496202853,67.51941667875053,7.067092042228726,98.94535060541534,80.1755926056451,6,low_risk
27.372405031873534,115.72943133913631,66.3247987623382,6.0379483784985215,99.0,65.23484880070339,9,low_risk
25.78608467880588,117.29399837394045,74.78346864123262,7.445781671210397,98.41395517883576,68.25434668304065,20,low_risk
18.230141481140723,117.78910979858475,73.55382922889275,7.294276751394564,98.10380395746714,77.12194125834799,39,low_risk
36.46650054553114,137.43240172431413,85.94161899494993,7.883263117306778,98.165591667395,70.0,9,mid_risk
25.973357797290767,114.92723370922644,71.93192167185178,6.918521487473755,97.80209754142015,67.1248238898534,24,low_risk
32.352994567516795,124.92300659148655,89.0,9.218720592821338,99.22904587339325,96.79704902012098,8,mid_risk
31.013593207068602,112.0856384070186,80.0,6.725470924983261,98.08115457351002,74.45768554712161,26,low_risk
25.83353123179021,112.6353667186914,72.36491341195115,7.511322708264073,98.6151072761474,80.1292318387173,29,low_risk
32.73284581431128,126.35765924758886,80.0,8.560403590976302,100.26530834397427,87.80399817433118,21,mid_risk
19.658622565159597,106.1587228017732,74.15015739582041,7.7671269207668905,98.12620330775489,72.80873349826403,38,low_risk
28.817468122712384,135.13032169431062,86.94971617639145,8.712920215648973,99.25808866738898,92.76708711270527,29,mid_risk
31.20200197125631,108.95115881411614,67.1708792229228,7.812909235669118,97.63813012261382,76.82847045050528,17,low_risk
30.694437606726883,131.43040574219407,86.98186865601721,9.202311993939247,99.71659028030233,70.6907179389386,22,mid_risk
36.575866769347634,158.7769682618827,97.82706650483472,15.946632388536479,99.67470752408823,103.31354542704788,16,high_risk
18.0,106.4759584415238,72.72522103223152,7.693967949406623,98.30492667321562,77.84975238183293,22,low_risk
20.24960632388195,118.43786828659607,78.97790757001015,8.117248710324546,98.87971982916864,81.6888577028323,12,low_risk
32.403406321101976,120.0,88.0051936590306,8.77244091962266,100.444569582333,97.11035404104834,30,mid_risk
22.69291467772667,110.52362507122031,71.08200336826998,7.164104313882058,98.87821255523468,65.0,7,low_risk
27.057755336234997,118.83927136677427,80.0,7.250500938111418,98.84741997770213,77.79451440412663,27,low_risk
18.937023540011072,111.02324256356623,65.56327826444645,6.0,98.89121208384326,76.9801621294948,28,low_risk
28.254038544002555,117.3042723781663,72.39378616941045,7.391112602879325,98.47539030440724,84.82951049541936,33,low_risk
28.180871372260505,133.31242362644466,82.29840517823529,8.886565664622001,99.10881584801437,92.53010178367809,34,mid_risk
22.05476057193332,120.0,81.34804170732852,9.779882828765242,99.1273441332997,97.26325172329301,12,mid_risk
28.953676441677953,129.037784389467,89.0,10.039472180910007,100.5,72.35325233966064,23,mid_risk
36.575866769347634,140.0,101.51261388730826,10.5,101.25497969404464,103.92114258021616,22,high_risk
36.575866769347634,161.75864566601348,100.22521248288665,15.276751258176493,100.09146136106908,115.97351872616707,40,high_risk
18.0,108.13870100609523,70.96567411071412,7.842219096137958,98.03649213167682,73.63970621353205,17,low_risk
30.456561719895376,107.85675368610245,72.88639649611696,7.460701587654784,98.256702248837,74.47314354012795,36,low_risk
33.176265324240354,135.34354553249688,89.0,9.34038259213687,99.75894936748266,72.84812333155668,22,mid_risk
33.34176983921729,126.23854308766879,80.0,10.558516185193266,99.18740628117389,90.88193155431698,15,mid_risk
31.730261550435163,134.74010486588958,89.0,9.505513921597439,98.13057929737981,87.26782780461207,25,mid_risk
28.698534731651076,120.0,70.86343277024349,7.0462315054490565,98.14762766650489,71.57782383308381,25,low_risk
17.333456889365735,146.73762763256303,113.07453475181208,17.11009416058971,99.41775374193078,109.28373459939225,15,high_risk
20.90244943466284,100.80078029756164,70.84211135417334,7.319208005728444,98.56698603592852,74.16391627385555,24,low_risk
30.26341227155041,122.38897915822035,89.0,10.64177176732463,99.57771232194045,93.88410041209953,9,mid_risk
36.575866769347634,147.49200656965192,99.7663734955576,18.234971295075873,99.63638236086376,85.0,34,high_risk
31.14781307427981,131.0864222009976,80.0,8.163509511846922,100.5,76.02682701640326,31,mid_risk
22.006053853773786,111.8627916262067,80.0,7.67629108028629,98.65783817296608,70.4556231559536,16,low_risk
26.98272755189042,118.67613024993955,75.97909890547962,6.38966642139421,98.05080441324426,72.66831701856802,16,low_risk
26.29087424135236,113.93847563869618,79.89862604180355,7.079788453323502,97.67718344202729,71.27695558007802,20,low_risk
24.74962748840191,111.73913830111682,78.10079093377742,8.048512372998655,97.87180262263799,82.17508261676781,38,low_risk
23.12210245626019,107.76992886544954,67.24462816895989,7.3664150771788055,98.10630667121158,69.97936657900298,8,low_risk
17.333456889365735,140.0,93.89000821148345,11.159388977265673,100.60528015309536,91.79828724448326,18,high_risk
27.727811885179854,112.40194430334923,76.41033363667692,7.313596984375424,97.7959835152059,84.85067418585913,13,low_risk
24.916393624143407,110.64112664859084,73.52267876455464,6.588182808174686,98.2970799997529,74.3169876795303,39,low_risk
27.744205839993757,120.0,75.07356591585263,7.3841886436117425,98.39196049929214,70.61648196303246,36,low_risk
26.616203427258153,96.45374624713054,73.07737321172075,7.109220467860487,98.4806611620517,74.58835654016536,23,low_risk
36.575866769347634,162.22631298195222,91.43262551418614,16.266150507036205,100.87731200847867,93.66872897956196,34,high_risk
21.362450180821043,120.0,77.94528343687759,7.294656863576262,98.225537823397,74.87284359394768,29,low_risk
30.63738976074232,119.4167843308373,69.47965855132,7.020490936543539,98.50743743241773,70.3792285902437,7,low_risk
32.36374486737848,136.34970682620906,89.0,10.126577622810538,98.8705028806055,95.0044579720832,28,mid_risk
17.333456889365735,140.0,108.37558698248775,18.146522241696285,101.22642345748743,106.65679652046059,39,high_risk
31.334887949358297,133.71794831334165,80.0,7.668388715224115,98.02219410921363,78.58533130464183,40,mid_risk
34.530910786741494,138.76014925017265,89.0,9.72212887759212,98.82274023731478,87.58433299029903,15,mid_risk
36.575866769347634,175.75012721250883,101.4045113720692,10.5,100.7940713543679,99.87243022336138,26,high_risk
26.20618936933445,111.04882256183818,77.3417024435904,6.762923026991794,98.60774349825516,86.72407848657895,29,low_risk
28.976588159399412,126.8241841436229,85.97682632724883,9.77604522715531,99.96814693549948,84.70370255520693,22,mid_risk
27.070636081876494,114.1086892452495,73.13599131301768,7.714021488145534,97.69237987850424,72.21492669525486,20,low_risk
31.85730344158755,132.17731096310735,81.14172015648964,7.5,98.48257249142208,81.7688087130847,36,mid_risk
36.575866769347634,140.8676976460153,97.57885020995182,14.878789672450193,102.03064869281235,95.08526382343626,25,high_risk
25.876601310655754,113.47902867059203,71.98462005467485,7.0300691766328605,98.36531954554073,75.65637753506739,35,low_risk
28.704373946835748,131.6601192147603,89.0,10.078123442478446,98.80767983474148,87.05119647395071,40,mid_risk
23.629249623678604,105.56354184556116,67.41434040026708,7.953242165675938,98.14355429591015,78.59411628520203,24,low_risk
36.575866769347634,146.41383026119829,111.37433111771693,10.5,100.5304653210366,85.0,37,high_risk
17.333456889365735,140.0,103.51994978184584,13.452502831808806,101.24752858620866,92.85098338329041,20,high_risk
26.25439462019488,121.19892637825905,80.0,8.374357666801671,98.0,78.18096606512967,39,mid_risk
24.191229390264425,110.37325839374459,71.25229862702233,7.057792817992423,98.0085036654761,84.41205595551473,19,low_risk
23.089370212939535,100.70890572701417,77.79856147742085,7.315138641523822,98.29841931744112,72.60963715869285,22,low_risk
22.201097968029657,98.96398272391579,71.35511145967992,7.67870626793746,98.83607338840818,84.60585801611245,37,low_risk
37.83776110052466,122.60148604615091,89.0,9.256287514956197,99.37539113399227,78.87783096737707,31,mid_risk
28.48982931312058,114.77303599649166,70.92938717495842,7.3458550365964195,98.70856071796152,76.2006608078389,30,low_risk
30.4720347670208,120.0,82.18065674164339,8.444321618144583,99.98999177357499,81.00503036544677,28,mid_risk
36.575866769347634,161.56982923492367,94.61158990241513,18.26920158578495,99.38702570079063,85.0,28,high_risk
29.671128246639228,107.74955939853723,72.55725652062148,6.6155268922701795,98.33094834628368,65.0,22,low_risk
26.315004438638738,110.18518188107123,72.98509681302171,7.427860581624538,98.60200843530951,73.33115897097706,35,low_risk
23.55613533672368,113.84830323702461,71.95156703685251,6.385838658180255,98.42734862638707,73.42611569576547,19,low_risk
28.592356450678395,121.43767524875446,82.65576602892797,11.0,99.40068500127713,91.62963990085608,29,mid_risk
36.575866769347634,142.87995467342415,111.39408841621535,10.5,101.79710105604,100.40271322763547,38,high_risk
32.645851834723665,135.71739391749136,82.28149005997352,7.5,100.1590775004934,84.22222753009534,33,mid_risk
34.16377029036297,120.0,70.35961451072339,7.995165654262223,98.74860975443518,76.58460466178381,21,low_risk
17.333456889365735,140.0,110.48205441747656,14.765373140443142,100.97065543518968,85.0,9,high_risk
28.455031158147563,134.62170538866204,89.0,9.424725661793206,99.07211370733141,78.9976906466077,36,mid_risk
36.575866769347634,152.57367312060148,101.80939207203531,10.5,100.75466574215328,107.93693515555458,38,high_risk
30.7662744826316,116.02804045870279,75.12108202145396,7.074919073675756,98.32095181288162,72.3564315154835,22,low_risk
22.68558031130284,127.81921733564079,89.0,10.640201009176371,100.24340415986077,98.0,36,mid_risk
36.575866769347634,147.5187617071899,100.46490973314393,10.5,99.52691703988258,105.15359838187284,18,high_risk
31.09249630907863,106.43588119485656,69.24040769988882,7.215126520524049,98.57234496760601,69.9921120748122,33,low_risk
23.395118112456654,120.0,72.46095764430558,6.976394649628816,97.80102133255771,75.98971507798562,34,low_risk
36.575866769347634,155.77173914495947,94.1628820336059,10.5,102.02627616226192,87.22893052824465,25,high_risk
31.955401748332672,137.57675621007166,83.47381792482503,7.996614201997383,98.75704998726071,72.73199511350418,24,mid_risk
25.04093224407835,106.24336457965912,66.25690850568127,7.670153798879165,98.67956787403232,80.84227849964012,30,low_risk
24.719337154165412,111.84655412684803,70.86133046957747,7.068680248958625,97.7011113332139,65.0,27,low_risk
31.152146265863877,115.17815652614038,66.75704292683228,7.361576851548441,98.31213221905962,75.95386602567179,32,low_risk
22.673276344205426,109.04126306560137,75.6083927068825,7.131118650744562,98.93302058706605,72.38425417231265,17,low_risk
24.879086797761328,126.3965229864451,82.06124647818763,8.129895797814962,98.89184989783693,73.77599146377968,21,mid_risk
20.215173503677317,115.34686183811117,75.27691877837158,7.2586022260490015,97.86357411467938,79.64704203241006,26,low_risk
29.717760482885147,105.62563883111872,76.54134319837294,6.28865350494596,97.83557726757357,70.13015230106501,19,low_risk
25.19544028130282,116.09231239427572,73.29812470547331,7.396113240366263,97.93517367189749,69.66406112843895,32,low_risk
22.97222729851548,117.42360904651717,68.16110224366032,7.332935084174527,98.17546480142312,72.26637866263603,12,low_risk
25.22788450179045,139.0,84.76872196264422,7.996293640252064,99.09900148180033,91.3701023962153,15,mid_risk
27.708059615731568,136.7905125654176,84.23886521671153,8.178633681603861,100.11532677743354,82.58862808604066,11,mid_risk
28.704710190126566,95.78060624200458,64.46096221061305,7.845206041174139,98.68125701688801,81.36539664700561,33,low_risk
30.229039842657983,125.16041386607473,89.0,10.548147341308608,98.259775906723,81.10872729066358,22,mid_risk
32.00908177369449,110.28397466871934,71.49298926557182,6.693405577690157,98.93805904818097,69.21359658698448,7,low_risk
25.480125306873045,105.10723578904806,80.0,7.921470748789844,97.79738638792385,75.59661815682321,27,low_risk
35.43154377218176,121.29098017069431,82.5025987930794,10.467331760221354,99.02259838559408,78.75449378314035,33,mid_risk
36.575866769347634,144.81690929845152,98.58804325974928,13.7968022980935,99.45715387744363,100.55777564285272,37,high_risk
29.65265500861984,110.641095406901,73.11612918442108,6.088894361055205,97.92010989396393,73.7882838052858,36,low_risk
17.333456889365735,151.41712406033503,95.01319294680877,15.115729759229255,100.35717326235886,92.0490829111272,32,high_risk
21.24869984033951,101.4354234450651,79.22544237042376,6.833168851566823,98.73089444306298,69.97425661903448,9,low_risk
18.189665583048637,117.17436083429655,80.0,7.532033389844656,98.32382152562832,71.96967526445154,7,low_risk
22.279901113686037,119.11422492797799,76.55396044263797,8.201441715495799,98.607240680812,73.80593750481688,40,low_risk
17.333456889365735,143.95772107296793,90.0,15.898730013550306,101.19828060007409,85.0,10,high_risk
23.269767248721518,115.0523501393796,75.02194515801489,7.639173301505908,98.81954565675015,80.17099148998085,9,low_risk
25.733368022953407,119.68609817041067,70.66110221765557,8.279235011010787,97.5002270183197,84.73260690349196,21,low_risk
25.189594685265657,103.25469100321041,76.23436250401349,7.321941572751618,99.0,73.47280710032253,40,low_risk
22.389504082790438,110.91265496069138,68.69697466801699,7.017861404840451,97.53850777048342,88.0,40,low_risk
30.597421746344008,111.23470527773479,79.90320456226073,7.862360128021145,97.95436745670678,78.01766733548537,23,low_risk
31.059790135007816,134.04412208422804,80.0,9.747725234364049,98.20984014828767,86.9443730372292,25,mid_risk
25.232834873784,119.42969842860181,77.11034995153024,7.032004018875313,98.06142627941641,65.0,32,low_risk
33.30160319458176,112.88075807191329,72.33569797808744,6.152575540284209,98.38949568269207,67.39761985113863,16,low_risk
27.851993720689553,102.98217802962908,80.0,7.617518303456271,97.80238488268411,78.88365156008409,38,low_risk
28.579697507777766,104.57402546603622,63.33702186922582,7.385428465819593,97.87816422247981,69.08991334579395,19,low_risk
25.28626494887757,111.22877493136642,64.91010387306423,7.764709119851982,98.1787291018611,72.18265772408841,13,low_risk
28.005548493487154,115.3089122562428,76.7587039995546,7.757645990874489,97.79885175652706,72.22472710282335,20,low_risk
27.18838952468015,120.0,78.57695137780081,7.777192313443105,98.09641172043867,80.11174050826581,23,low_risk
26.653739612894803,118.00349390825787,70.35198765096295,7.442527719166399,98.567503984051,76.13403543591164,10,low_risk
17.333456889365735,156.17584289358345,105.39125401010217,18.24545193808078,102.41257573615354,107.37286554965269,20,high_risk
36.575866769347634,140.0,93.63017305025988,11.95044918725695,100.76644072946753,88.75447561255541,11,high_risk
28.902180508489437,114.84818939727971,78.62135069768915,7.686479187355026,98.23044398307107,76.172653384486,38,low_risk
34.08277143121758,113.72274499121094,68.414067691465,7.31965439159206,98.5564511507731,76.65449782209899,31,low_risk
27.531727271022042,115.61912458649405,69.10139387641597,6.696664395584558,98.14742518900674,78.12262378534834,10,low_risk
27.055143803648836,114.28695030929667,74.11951521642477,7.056298846786951,98.19761352040486,81.97584207307867,25,low_risk
17.333456889365735,150.49660498507023,102.88451420433842,12.47254056001833,101.68605453061951,103.92331893593415,30,high_risk
33.040818155065395,110.85383342439899,74.65532593107925,7.136508745501382,98.2453833536409,80.12343070237173,18,low_risk
29.323122902218486,120.0,80.0,6.817447474754422,98.63645444716958,83.34361806542734,8,low_risk
19.560575436080324,109.74882171805638,77.41034745031315,7.010822006828326,98.32954659857961,83.00645155316667,6,low_risk
36.575866769347634,140.97469411746437,100.03925623613651,18.782962840002106,102.05236153942109,101.89402960588926,13,high_risk
26.086315348781493,108.85546961239244,80.0,6.107348358423303,98.51898482124713,78.7647834616958,25,low_risk
21.325392214063207,115.6072404935747,66.27135106654633,6.60927956971082,98.3521521502525,83.46081477007579,16,low_risk
29.634382316029615,114.73532663248965,76.98614109126693,7.8056830731575815,98.3632172869583,65.17749709544502,40,low_risk
29.619363884655456,129.97025450377998,83.55681909271183,7.5,98.17764009174304,81.8390085737545,35,mid_risk
18.48983024846735,108.32938545456828,74.95211944962529,6.840937451651372,98.84745293366169,81.23291863410432,36,low_risk
24.651104784454247,132.75758823984648,89.0,7.5,99.00429993356698,72.50141470719979,33,mid_risk
30.06764459674649,116.17832468474029,74.97512492014063,6.0,98.23500839524483,83.61149941388481,31,low_risk
22.630424303044524,111.17530891223385,76.43018144708819,6.698362708739985,97.979511988087,78.07670397278633,23,low_risk
25.271141769633612,124.70760841357801,82.34027653645667,9.509617098290368,99.68335723931976,75.37945164601464,17,mid_risk
17.333456889365735,142.7093366941413,104.36560729938849,14.945499333000392,101.15038301145127,98.44666582664331,13,high_risk
36.575866769347634,174.38414799753497,98.08384927874596,15.943192560676287,99.17415454364144,106.96782430558937,9,high_risk
17.333456889365735,156.98992379737774,105.94952761674364,15.05306587947166,99.968023480786,97.81912943183544,37,high_risk
31.190020805320245,112.24551505237433,65.03053751066055,8.065167003481134,98.2660788050222,83.88444988914762,35,low_risk
28.359673979027527,123.59419774182228,80.0,7.5,100.5,83.54632486378557,13,mid_risk
30.862595075686215,118.54786072356562,74.87605709454256,7.801094912209162,98.37683690004924,73.82591465472339,18,low_risk
26.663973077618373,132.582330897677,87.66875293721662,8.252940717553578,98.0,84.75987414361678,30,mid_risk
24.777809204413526,110.44657015777554,72.03764446969564,7.162126192133251,98.37598498332459,71.82910385153876,14,low_risk
25.955156636106054,112.29864212308576,69.40936508291712,6.744740845238775,97.7808793774764,65.573172304921,20,low_risk
22.602429418223913,106.92186007005476,63.39649923682467,7.201372761686103,98.15209114869846,78.74327838215508,20,low_risk
17.333456889365735,147.5640158242899,90.0,16.79866960988816,101.24281156286054,95.57844055297458,7,high_risk
31.623183952147013,120.0,89.0,8.886875977381958,98.92029577901863,84.27530382889509,34,mid_risk
29.025171236857762,113.91504706251509,69.18633717357694,8.10547860804273,97.90702750433441,69.40650247163083,35,low_risk
22.876524908318718,112.11769994616394,79.95274297171798,6.876416991322038,98.95698237659323,74.89269134688433,29,low_risk
25.11497929173927,112.12531892977577,74.97740865776646,7.227338328685139,98.33921304707359,70.73981748628424,19,low_risk
22.92691912690541,120.0,80.0,6.346215044842996,97.97229820249797,74.2685492970754,21,low_risk
17.333456889365735,154.06815472525628,109.40959328255468,17.33796752966892,100.8122394514124,92.23521131738387,30,high_risk
25.50089801059163,106.50284850711255,79.32585982857194,7.344123506367734,98.17909549915497,73.25184890191267,19,low_risk
27.8753658222152,120.0,89.0,10.30183464305668,99.65789355326213,90.32519992467128,37,mid_risk
25.17524588791644,110.61480175693139,76.48436795253798,8.027081776476903,97.82959275315183,65.0,20,low_risk
17.333456889365735,151.5447836524685,90.0,12.84481133112681,101.27951199562544,97.62483787545145,27,high_risk
23.08552040363731,122.73458649912286,85.2465464724195,9.140340646606013,98.89838937361057,70.10765177470682,10,mid_risk
30.765093156264463,119.32620217315211,72.9707028455983,8.5,98.91630336964897,73.91105561909612,9,low_risk
25.3624490764507,122.00125661833452,87.84641161297053,8.34452791008501,98.7339163835471,80.78696309682773,9,mid_risk
26.915836995114162,133.84603728928315,87.38817394604774,8.728928597595074,99.50029969955841,98.0,30,mid_risk
36.575866769347634,159.28185109640816,90.0,13.73149287137817,99.90617462076459,87.42759844403027,24,high_risk
36.575866769347634,162.8568714556918,100.15831455915107,10.90029825336897,100.01638236230356,106.22957797767607,21,high_risk
31.431666649335043,120.0,86.8070940295677,8.393238339011997,98.75146798371148,87.78557482414384,21,mid_risk
25.772839080975125,139.0,80.0,8.322409870132933,99.6066292282845,92.04300338443662,31,mid_risk
20.90882973920638,114.7755477571237,68.74345044180328,6.0,98.16515389175194,80.61981238801134,29,low_risk
18.0,109.41027812369171,78.9272484280761,6.994272683065462,97.69041215355516,72.7012638421718,17,low_risk
36.575866769347634,140.0,106.615079446421,13.100206606063916,102.18218867888172,95.14305064879176,27,high_risk
36.575866769347634,167.85564439042145,96.5826259277776,10.5,99.31311243255584,103.23542953197945,20,high_risk
36.575866769347634,140.0,113.33858395309925,13.008865543984664,102.60779949396631,104.55482273911069,40,high_risk
22.78540277861127,111.20419752170456,79.67810073591473,6.68588888092332,97.9854763010505,84.77352762420837,19,low_risk
25.36704310614201,104.74183154295335,75.40318202245068,7.909134655775977,98.53377540593941,84.35223250952255,6,low_risk
36.575866769347634,164.80780346209716,103.14782516168967,16.473291008919315,100.11635833498153,99.65209344638734,18,high_risk
36.575866769347634,152.57892425701067,90.0,15.144352454273854,101.22101877156845,108.90983797922635,27,high_risk
24.946011101048263,116.24865206013155,76.77756323171124,6.574453383197654,98.6924002507142,81.51922909572659,16,low_risk
36.575866769347634,148.1994280263265,97.48656767704801,14.409203909669063,100.4429040007038,85.67694816392276,28,high_risk
34.807500471519845,123.33442273693024,81.96720404901603,9.041093124794099,100.34172019837075,78.31043889472336,14,mid_risk
36.575866769347634,140.0,90.0,11.907779470196898,99.0,95.81291634998479,14,high_risk
21.641112631276897,114.90839690376684,62.808843833375136,7.054163280671481,98.1654339404445,66.5911341194797,21,low_risk
25.257120076381852,111.27431110835332,79.05731517704179,7.503744593583556,98.22846082975758,82.2230884338943,8,low_risk
26.3286201435529,139.0,89.0,7.5,99.42972870208223,78.61221991049926,40,mid_risk
22.594529424195144,104.2464238293663,80.0,7.24969954231086,98.13048395773622,76.54700887999863,13,low_risk
29.413207528066085,112.5374840875315,80.0,6.506150509953686,98.22969775813937,79.22487222763857,20,low_risk
27.141115456953063,121.34955094687773,89.0,8.25772963693259,98.78325411177458,86.25137616336534,26,mid_risk
24.03869840736746,113.52243796896744,68.01605676786845,7.904065365979467,98.90205831534996,84.67937974750821,21,low_risk
36.575866769347634,172.87405515845677,95.69952154860789,15.309232213652257,99.0,99.36915219917472,33,high_risk
36.575866769347634,161.89453778464144,107.01767785674352,14.040171885134468,102.60013073780853,90.2202996691039,25,high_risk
25.469309533235126,114.20419304089707,65.11876833266774,7.32381706279527,98.83284492519726,67.58280305675288,24,low_risk
35.0,116.03908810761975,80.0,7.311849701846428,98.42493253984766,76.74505410846768,8,low_risk
17.333456889365735,150.77466119459962,91.03141063283806,15.291484130447857,101.6798610402571,113.64874397932174,13,high_risk
31.87389876096402,126.70628547055516,88.53443049699153,8.871823553655622,99.41504895774564,83.9214917944448,36,mid_risk
17.333456889365735,158.94414135260286,93.41482129102673,11.917092320962988,101.57294744875222,114.37444815882714,11,high_risk
26.908163308892487,116.67361902107268,80.0,7.089687664104474,97.79657761271487,75.29399618684288,32,low_risk
30.932872192804446,126.57119736453157,86.75327167579859,7.927363061688311,99.93384863877664,82.97917849903072,26,mid_risk
20.08956873945203,106.45460113439017,75.85030557634478,8.165712399465583,98.17152641036633,77.88603209878858,28,low_risk
17.333456889365735,169.02816586589088,90.0,12.574450347004266,101.46970051409528,95.27911845290525,37,high_risk
27.833425789197413,110.4000860245935,67.61847791730833,6.629961901520324,97.76775842367634,88.0,6,low_risk
28.42559517729389,119.04084314491195,72.77959763162899,7.938133305390473,98.38348292519709,75.23041911709701,24,low_risk
22.22837920881637,116.45609451015834,67.42092091786246,6.582112890874893,98.45035461223067,75.80774577591708,40,low_risk
23.02497366735475,116.01244993355508,75.43477927150855,7.344744149044038,98.09167247890854,80.24555093184772,34,low_risk
36.575866769347634,144.7835412259763,103.05521174117429,15.092425195660208,100.51508759831074,89.30617634810122,12,high_risk
25.813854543468892,110.18092130299435,75.44361831412512,7.50268995382981,98.4147131332697,71.91703571341571,19,low_risk
36.575866769347634,148.9633750240177,98.59622778648875,18.395924516960925,100.71973022633085,94.49062113494014,17,high_risk
38.143138489406205,123.48437252908707,88.06960305513567,10.370169003040196,99.1982298320322,82.00693854807172,20,mid_risk
22.59913249136482,120.0,72.79251277064611,7.0441199155394925,97.89489208972059,75.75197677114498,12,low_risk
35.2706350415481,127.48069813803983,89.0,9.086164190697458,99.48265336580135,83.48854742665445,14,mid_risk
18.0,108.34130257408371,71.47126647869031,6.5386381557264865,98.40538014584773,74.11185502727145,8,low_risk
33.842092006365405,116.15751173818967,62.41928068515561,6.0,98.14733939019455,73.88041518737106,7,low_risk
31.70574924910113,112.46111129775261,80.0,7.135641140513435,98.18676383919367,87.00337927614625,13,low_risk
20.501431632648522,111.29158883805353,75.7922680910481,7.4878962212201,98.19056960463737,72.21850422997338,18,low_risk
37.14963895166044,124.69501691384549,80.50379753175442,7.644637883237804,98.54753851644946,88.47697926865555,35,mid_risk
36.32577750218318,135.76709529610682,86.26274988717866,10.12731102742405,98.0,85.60630950283094,28,mid_risk
36.575866769347634,148.50140621592263,93.23902383194236,15.99174460886173,100.40506425399057,98.86824366296547,38,high_risk
25.992882345201345,114.1690211512366,75.54999491582778,6.812656756778763,98.11041410781289,68.94013033659968,24,low_risk
24.661791183337122,138.79859567363673,89.0,8.778956909579858,99.43465294785638,84.80280744525069,9,mid_risk
17.333456889365735,147.88531542065635,104.8546240767553,15.527520258869218,100.5306010321484,94.37611851159375,31,high_risk
36.575866769347634,160.06746515860712,102.45747852694234,10.5,101.30820396748142,93.09490529770929,21,high_risk
34.104909673689505,125.16176090119714,89.0,8.919469117119961,98.0,82.37766396858265,17,mid_risk
19.369953221128714,120.0,68.98891490536637,6.659645788478363,97.872412600679,65.0,28,low_risk
24.606641492821,111.62685389800413,73.2487850560087,7.343132972264244,97.91593562263434,68.97445063715527,7,low_risk
22.717014825002096,120.0,73.17184294841184,7.047794353474572,97.68071410423636,73.67422100402052,18,low_risk
21.240480854690578,107.9335301768509,60.0,6.2606111810366425,99.0,82.76410053613291,8,low_risk
33.71857910199906,132.03321889101184,89.0,8.516084675155783,99.31876022692084,72.34249559299886,31,mid_risk
32.751334319104664,126.81746987939383,89.0,8.718212043478676,100.5,90.11967752529226,28,mid_risk
27.745040761498053,111.1958969999625,68.705462064717,7.408536968282132,98.31005877768206,76.77620804022291,18,low_risk
31.54765965152119,133.55001536565416,88.5597841402532,9.748892808687803,98.0,89.01711303440884,7,mid_risk
17.333456889365735,150.10284197164987,95.9152013709819,15.866549872793112,101.90142546389414,106.2406181252912,25,high_risk
22.037585138608975,122.2692164869128,89.0,8.819522317261935,99.35316490891995,76.51747207975167,29,mid_risk
22.96475734500527,129.5016755850234,84.09301674788273,10.836149318488346,98.94712057275916,82.90671131166033,23,mid_risk
19.27689959152781,110.51784579552402,72.90673361282482,7.267079494922033,98.16310366207487,65.5647690869632,31,low_risk
22.120623166421165,111.40666208085314,76.16479912680349,7.004633368710898,98.82843220016113,80.07236841567651,10,low_risk
36.575866769347634,154.76799103920266,109.59462886361347,10.5,101.70690965634941,111.10527737481414,12,high_risk
17.333456889365735,148.92355275728588,93.21318607123338,15.831883080790648,99.77262803271216,110.20045558783362,8,high_risk
26.42806194386019,108.38672763782932,73.84280414812612,7.7594609225728,98.92909778675406,76.49465059980905,20,low_risk
23.70067446596551,105.11042026748429,80.0,6.705879017624491,97.77415114906569,83.07993117813872,18,low_risk
28.32134326617698,111.80062005613324,64.24449067980687,6.0,98.87445818961693,72.53131924770614,25,low_risk
17.333456889365735,140.0,94.22811333775648,10.909558995560511,101.66896455873193,105.03853163948935,34,high_risk
22.169322137524876,117.73183125142306,70.20858965556205,6.822069268581714,98.10452100066819,78.94847653813316,11,low_risk
17.333456889365735,163.14124869137072,102.43763946003222,11.309553302986155,99.75051032867052,104.5763827856187,21,high_risk
17.333456889365735,156.87538862986813,90.0,10.83044382742953,100.11048083703058,91.44417978838389,13,high_risk
22.764312610913645,102.35403383729165,75.26284422998312,7.615661419109316,98.66895573504456,83.12246607245054,35,low_risk
36.575866769347634,148.71640712187903,102.63135445269144,10.5,100.44816869351635,102.24916265490369,10,high_risk
36.575866769347634,140.0,100.98022173044255,11.018016312010866,99.0,85.0,6,high_risk
31.51446218228517,109.21229621620964,70.98009687015386,8.5,98.37718353325883,72.90456812120595,21,low_risk
23.190774723003692,120.0,78.889077748431,7.326360503578585,99.0,75.65561521727923,26,low_risk
17.333456889365735,155.8649645525718,90.0,13.820078042361331,100.04604589485837,94.93037681223849,17,high_risk
32.325835063417415,114.7142307774984,75.07698252728144,7.3869917136028675,98.45973676442395,71.98337851819906,26,low_risk
30.474526230129396,110.06607718473197,75.26120198213339,7.49490338834807,98.66235685511504,80.6616202175891,18,low_risk
22.392655568791362,112.49463851760702,74.29492110794799,6.73254435637398,98.33583224720986,80.10670286581856,24,low_risk
22.593173551082412,112.80124542869369,76.36816038405728,7.109807723836877,97.90554568158782,76.68073624033931,34,low_risk
26.423687403424104,130.46577049267185,85.06838417537745,7.5,100.07651147046593,84.09951576683058,29,mid_risk
17.333456889365735,140.0,113.59767460349707,12.83621831167637,100.54828098666255,86.88810900308201,6,high_risk
20.614899652419194,106.46884112124812,75.29330573927695,6.1868968871589,98.42545962459862,84.3319871206149,39,low_risk
25.747067057908314,111.84087244450564,76.20653575849623,6.7168969489542745,98.2464501034677,80.61418993265366,16,low_risk
32.18712242861467,134.07949585567863,80.0,11.0,98.55745604336163,84.2820373118791,35,mid_risk
28.38908775118997,123.87602951177375,84.57713654338295,7.5,98.7293143820275,84.73778638433842,24,mid_risk
27.998593643985327,120.48805443016666,85.57196000899758,7.71055742982711,99.12190809688124,79.9667505110264,36,mid_risk
17.333456889365735,149.68514088772582,95.57129544943268,18.967016234145117,101.11882001721035,112.0140368904455,39,high_risk
25.25687744906785,125.63449826033971,86.11094035368293,7.896973462501786,98.01322723831541,91.1629914325925,14,mid_risk
36.575866769347634,147.83321570117286,105.00467665937322,18.700785645272834,100.44652349273622,100.71449910555307,20,high_risk
26.227343229927286,128.52402614495475,85.38474937094016,10.548667690079148,99.77487721860004,74.34716545110403,22,mid_risk
35.75438301363696,126.52119711479575,84.79859998765984,8.46424940116122,98.64142221412921,80.9216821683221,31,mid_risk
36.575866769347634,156.95396534835754,100.4966444826089,15.286158000027317,101.74136342102886,105.61250499679423,35,high_risk
23.11584677752671,97.82240538674897,75.08387781881315,7.940851148426877,98.26820427991281,65.0,18,low_risk
23.049575103710026,113.6027599060689,71.22226610256567,6.821985012279663,98.43023054906801,70.5380539484303,27,low_risk
28.73218414275899,139.0,80.0,9.1966338074865,98.90745973221871,94.78259764524883,40,mid_risk
19.14250047916072,110.49076668373303,69.9379882553129,6.80960410357897,97.72201062459337,82.28365845135677,32,low_risk
27.886688256172942,104.6227024332855,78.89211056014018,6.131304951320621,98.01952625184482,71.30587646498805,37,low_risk
36.575866769347634,152.97571486828463,95.59046914017104,14.535664466658682,100.53880990172097,101.03248727127304,15,high_risk
27.45109562025028,109.78433716452278,70.10073526889181,7.722447986753042,99.0,77.83680731861654,33,low_risk
25.073673516758205,111.21245819744617,67.65334751726651,7.188075818779013,98.39888555573324,87.95221981575585,13,low_risk
28.43063849280808,108.12421492525279,68.4756860346874,8.010643735447884,98.46702804232041,81.47572193524265,12,low_risk
28.874579962131556,112.01827612092049,71.71349172456605,6.774126604659879,98.11769060676185,75.31799986551138,21,low_risk
20.02454705843486,112.45573160749653,66.82045238065736,7.00875101085232,98.79354093744246,72.36592000038522,30,low_risk
17.333456889365735,151.15482527545555,103.39559673132948,10.652789861908076,99.71150138545225,85.0,6,high_risk
34.07233366374253,125.78599175377397,89.0,8.4327454419227,99.16183347465929,83.54387944813729,25,mid_risk
36.575866769347634,155.67688123807397,92.43005423647202,11.962220422224398,101.33298242498527,89.70981144507661,14,high_risk
24.7618985757528,110.8380432443217,69.97842120170004,6.3566621676862285,98.088392231392,81.2937189555953,8,low_risk
38.531096540126974,130.7026073274559,89.0,9.274918181830149,100.5,84.86493616067905,40,mid_risk
22.553928788032206,111.02159821633742,75.1449819622967,6.0,98.39284200919667,75.96936020783664,15,low_risk
30.64683835505406,133.43408704710973,82.72204241412854,8.774992536674516,98.88187934864365,70.0,21,mid_risk
32.57188568306928,126.81322256953743,87.16079222592944,10.195453232496588,99.29073215855853,91.9586054511681,37,mid_risk
17.333456889365735,158.18676040487875,101.92541683635787,12.577125164351871,101.01952409738514,90.9180557511576,11,high_risk
30.69520738556693,120.0,83.33185983708276,7.5,98.61383456872227,98.0,37,mid_risk
27.79289325445436,104.48563933352129,71.49107903594233,6.879145997493406,98.31433987571553,80.31501199813262,9,low_risk
20.967654756330383,107.68508008454548,74.09200815391719,7.876745395952142,98.67664743004856,67.1131256522697,31,low_risk
21.72711726706611,113.76134759299977,73.75551408262947,6.277449122130495,98.83367929761742,88.0,37,low_risk
27.292170616945576,120.0,88.03149854531817,7.826345798925329,100.32457491471541,89.66184446662051,34,mid_risk
17.333456889365735,140.0,93.79637339009217,13.14671367411108,100.8689374981199,85.0,38,high_risk
22.126223114990257,112.12476224605244,70.96062369662091,7.120698386613377,97.6004444372555,65.40767447782015,13,low_risk
24.214600603660088,108.03807316315931,72.01885160949121,6.807792515617549,98.38386643591438,83.26404731525318,27,low_risk
20.530032035788917,125.85302964832825,81.31511241750253,9.128511646556746,99.01865085703906,85.04669465627232,33,mid_risk
21.68401995631171,111.39907554112028,74.91917258161253,6.757165749803165,98.31653265151182,75.90266129442435,11,low_risk
36.21400541029971,125.01992401172956,80.0,10.003005345858448,99.64373127789506,86.76995763191013,34,mid_risk
29.27957214773753,136.4677981769517,86.64807273463398,11.0,99.60582840608052,90.11434402612352,10,mid_risk
17.333456889365735,157.00599235787405,98.53192529120555,16.49307025697442,100.3349477825812,85.0,28,high_risk
30.269576262537303,114.62043131040106,80.0,6.4380008415636745,98.37651182915815,87.90180191461612,20,low_risk
24.641057222851092,109.17974711344299,74.87643389466962,7.24876705323372,98.94723174019545,76.08402980422828,40,low_risk
36.575866769347634,142.3740930834254,96.00711956094317,11.857484300860785,102.81407377693071,85.0,35,high_risk
17.333456889365735,159.86929010346654,100.99536521213619,14.667972359386113,101.73066506050807,85.0,21,high_risk
24.74344661362803,109.51920903326034,66.28599242395177,6.791171858958256,98.0735380043888,79.4346718369306,22,low_risk
25.084015366531037,110.31203465729072,78.07075881059133,6.820271835069125,98.29587638349143,80.24338824282566,32,low_risk
36.575866769347634,151.16027395585252,98.9051056583824,12.942188905452488,99.0,88.96771718692402,28,high_risk
27.016186062071377,118.65819905173734,80.0,6.618153768219195,97.95675501669646,67.60191097160389,21,low_risk
31.3098131190539,118.8408942311276,69.83969347575072,6.917210567309329,98.56242244897123,67.96306380082805,29,low_risk
21.311338703289497,120.0,78.27777829510356,7.228496080950986,98.3585652586377,71.47080282056848,21,low_risk
28.308732996144094,100.20186046374398,64.1868715416371,6.998167832753318,99.0,79.05813538734793,7,low_risk
26.474693235491603,110.94487357340758,76.457147263601,7.050830487739994,98.37191185539297,80.11940648051906,18,low_risk
17.333456889365735,166.17748468981378,99.16558225653777,15.69521846269675,101.87369705995782,94.36575811899996,38,high_risk
23.012576935847783,122.43561332406502,81.82438158529571,8.431369468743574,100.00034934183735,77.79076038928837,40,mid_risk
18.0,115.04794796147526,78.59227221971207,6.668850788325467,98.12531386279869,80.19289402168286,14,low_risk
23.21526626714088,108.10376177007144,70.41491925436031,7.1514495974023875,98.57879268680395,75.92773868224042,15,low_risk
19.392595748830878,102.31863161273955,80.0,6.3138450434808595,98.37214661867996,83.64657056012548,32,low_risk
20.56331524282458,137.75594418053302,84.45982983125367,11.0,99.2065558673574,80.61261688697527,26,mid_risk
36.575866769347634,141.40723860174438,109.70945601577688,12.743815354018825,101.82374745171036,98.21908590922448,37,high_risk
25.787444943476494,99.0826564422851,74.27467055499925,7.981966822389638,98.55326727590356,74.10950843254646,34,low_risk
17.333456889365735,143.40792068783762,96.11660300359488,15.556620054244156,101.09494102365069,94.56876287144706,22,high_risk
36.575866769347634,178.89180863173016,90.0,10.5,99.31017694479814,85.97503167448593,6,high_risk
22.225255882829252,120.0,80.0,7.835435862812358,98.92039449843298,90.09774473084256,19,mid_risk
25.132923207477734,131.46627306751407,80.0,7.5,99.44806952668203,93.38725305787978,35,mid_risk
28.501912755446202,125.85501832785722,89.0,8.833509331215371,98.15183692676902,81.4518046815968,27,mid_risk
20.95158249895933,111.84156545824644,74.2066281613531,6.835516627427816,98.08696056103257,77.08176928302066,38,low_risk
31.221915635985905,134.44067030929628,82.82961936787774,9.516915442634666,99.02107514350966,93.27808645683753,35,mid_risk
29.575016172827716,112.11309773766908,72.75735690962776,6.95892298383502,98.40627289458865,73.38541301817628,37,low_risk
33.3793530111514,131.89568511543743,80.08175244768594,8.991815259655354,98.90114050907763,85.00700468992497,37,mid_risk
29.266698758356615,113.04004998622244,73.63013568202811,7.064606171572649,97.84036862872621,76.20563088520133,23,low_risk
25.710804003733017,116.84273557982387,69.69148464871871,7.300809204319517,97.9069838755119,67.81536403708985,25,low_risk
27.62621443453532,110.49500190126972,76.76625609992392,6.757937918431427,97.94792850820613,77.09193929573678,11,low_risk
30.19404500227401,120.0,82.93948053968613,9.385026470434815,98.94290311851825,77.94660913313453,33,mid_risk
18.0,113.06092523283638,76.75398786136832,6.589341414553829,98.04651234372358,79.44425158530419,25,low_risk
24.25736409334473,116.90659779520172,74.4284358070168,7.452114925736995,98.81876471779526,83.27277522540092,35,low_risk
22.876012179992728,116.90733794815017,73.31502255278771,7.986115144848538,98.17384281188585,67.5574768312959,33,low_risk
34.24149089652434,127.57131699744912,88.0895493290848,9.466752187353848,98.34637631632474,79.82833432383752,39,mid_risk
36.575866769347634,157.47925014263402,94.64748204149181,11.606204009524502,100.2968932556005,107.23269890545454,19,high_risk
24.845966121997172,107.15040567015444,68.61311961507622,7.358560962987382,98.25756318055238,70.13047037163713,27,low_risk
36.575866769347634,140.0,94.24837042870547,13.331171437193458,100.22420947544373,101.06019300737023,23,high_risk
17.333456889365735,145.93160581461385,111.69873859982141,17.434784955988967,101.58952548897973,93.53592833137162,6,high_risk
27.44670515536347,107.46552904304293,75.94807088685452,7.2956775040824775,98.29147400877268,82.76611776709858,32,low_risk
30.699467117351592,120.0,82.14820179600513,8.315805047124847,98.37106257978614,82.14829268957565,8,mid_risk
23.051498464941215,120.0,67.32259215450054,7.821266049850167,98.73671230991361,65.0,24,low_risk
21.09650698809067,107.24548047400023,77.19330084321551,6.2498469661274525,98.95638894320057,80.28847389933367,40,low_risk
26.329449743806293,139.0,89.0,9.665012322556823,98.0,91.2285831782228,40,mid_risk
39.025446752289454,135.72937044758123,89.0,9.579283018986956,99.92219508441504,98.0,15,mid_risk
33.94442103774321,120.0,88.23511800255002,9.560376356885666,100.5,84.6993632684086,30,mid_risk
17.333456889365735,156.96740219368687,104.8519849779981,17.050887529208495,100.2147201104203,92.01545948854493,31,high_risk
17.333456889365735,155.7492495477946,90.0,12.313653452135451,99.56090107440737,96.54648952087406,24,high_risk
22.75013289642293,113.66426162774916,69.6351945477315,7.844599802862146,98.3343032059872,66.247046378801,26,low_risk
17.333456889365735,140.3309560888282,97.56699755319787,10.5,100.48374095509467,91.68885694933991,34,high_risk
36.575866769347634,140.64405231695224,103.03609886293538,13.205289338662018,100.79813904362258,105.39196767739077,20,high_risk
26.279127736570146,116.13824683147116,79.28684152689112,6.763096859418111,98.78301486531191,80.72922484478312,14,low_risk
21.12662218054546,102.36053739556792,73.24142783211386,6.359957566090195,98.91143006717576,79.78525362157693,33,low_risk
31.166510532821885,137.77366511615963,89.0,10.396067917854461,99.87464533954636,90.14814142119954,33,mid_risk
24.211253770681004,120.0,84.5431862761283,8.015494608906549,99.46054762016867,78.1512240270304,39,mid_risk
29.824109556147828,131.1935097350517,80.0,8.458854126676954,100.33404977912322,80.13281349521759,40,mid_risk
25.42150202458384,120.0,76.66679622352724,7.5523574480785065,98.83319997540676,86.58948283330463,35,low_risk
27.836015030354048,109.28745800300152,79.11765322092673,7.414183655560156,97.8497956441725,73.55815380175977,8,low_risk
29.290923511654196,130.6794322071639,89.0,7.5,98.0,79.42636186160976,15,mid_risk
24.54184061898953,119.1243163093885,72.56276240299822,6.891130395051155,97.64289512896399,82.63738935315982,38,low_risk
25.727465020233982,108.32537575215737,73.07077123903626,7.48382296929613,98.86700392919458,78.31582055541325,33,low_risk
24.81765593457801,108.15107854573414,72.06150041795719,7.27578851968992,97.73329463728433,86.65294509544029,35,low_risk
18.773483305904385,108.42603223573904,69.23841809630602,7.960590906712785,98.2627176292628,70.01143223338579,10,low_risk
18.0,111.8548263616545,71.72230236988065,6.894471982440519,98.15311510134082,77.60830256553852,23,low_risk
22.642540972223152,120.0,71.93501088928284,6.2304679275537165,97.80153647473415,65.49414655356863,14,low_risk
40.0,130.85303692881283,89.0,8.775042603361348,98.0,92.19776298423628,37,mid_risk
36.76369947330548,132.254379187845,83.40906470345034,9.062079574492927,99.46229888504837,90.2857905956719,39,mid_risk
36.88167079338597,137.4322460207356,89.0,7.5,99.59582834826408,85.8746158636996,20,mid_risk
27.59075415240277,100.03758614457126,72.34345808408338,7.9517055806564905,97.681742730948,88.0,17,low_risk
25.942458232434262,105.45760553534292,77.87577747017392,6.842679038889685,98.1327427806689,67.02675078101078,17,low_risk
27.18601534623984,139.0,87.12100083656571,8.09018095639532,98.07236089567391,77.83633349024478,33,mid_risk
22.7451017887841,112.51686329827825,73.20477394799974,6.967582821268313,98.7083208879952,77.61508552153096,9,low_risk
20.840376291497876,113.56750318740313,70.04550309166224,8.5,98.8251414772133,81.18441989283369,11,low_risk
18.9072523808649,120.0,79.31970493780427,6.622409392848614,98.05570833464186,78.15808508611792,35,low_risk
20.008867272140602,111.2695149497003,78.10172006306227,6.852525534218552,98.07255798933598,71.7777376040114,21,low_risk
28.489282546882713,109.3160686260475,69.31746812605202,6.671547546238362,99.0,78.24120210047062,6,low_risk
19.256551395282244,115.49258622081169,70.26710826729881,6.3457904178696465,99.0,75.55044066328931,17,low_risk
26.30453208896847,114.26260236341312,77.56356014430666,6.67304204830592,98.24004000395628,65.0,29,low_risk
33.27934089573124,123.00838867006986,89.0,8.089812547953658,98.30603599288465,85.15715564768676,28,mid_risk
20.198814371776894,120.0,61.352199611528484,6.0,98.7888227862959,69.84351493482626,11,low_risk
35.80839115661615,120.0,89.0,7.5,99.79287938261338,95.26975350186575,25,mid_risk
27.306227852223067,108.78421932931572,80.0,8.321290704326312,98.32667971618953,71.15445195941022,28,low_risk
21.045635571396332,118.74612015922301,79.95853748553533,6.425663146832269,99.0,77.21430022359218,22,low_risk
26.761898951841594,113.58092329198635,72.42456634402946,7.824037091941546,98.34021772273401,85.01640595783353,18,low_risk
25.008534708394652,120.0,89.0,8.791916612663078,99.60825632995535,86.50059834552779,27,mid_risk
34.759009625357095,113.62897186495388,67.71065922045557,7.326837940482395,98.15529614419818,65.42057980657908,19,low_risk
17.333456889365735,159.65731478602768,92.37769643293662,14.587724516830274,99.7269140539428,85.0,26,high_risk
19.95646418265982,116.67016645699982,80.0,6.68190383702104,98.01368694685442,83.36364293248758,34,low_risk
30.110707287594035,108.3530680774334,77.7896092496181,6.098184129737762,98.75046957267723,65.0,30,low_risk
17.333456889365735,142.35174145926655,90.93141324888356,15.270980864941574,100.38149062488509,96.90382340356018,23,high_risk
17.333456889365735,144.5923559597742,90.0,10.556604030498267,101.5134826642984,104.68801511676504,9,high_risk
24.129275187091118,111.87179623390938,73.41617042102376,7.649940143654226,98.29103599335853,74.18268853720605,22,low_risk
29.67718236178269,113.463719187451,73.62167197837086,8.033414617777657,97.79188528310377,65.91477724457128,14,low_risk
36.575866769347634,144.68417809151387,90.0,11.915544760526018,100.00999764556622,101.62424524613569,15,high_risk
22.75084988303611,103.51771301857012,75.63939762079679,7.210567951160194,98.19529457682309,76.8379221373921,25,low_risk
18.159326429373497,94.35766819201432,77.78747574668743,7.970290115912137,99.0,75.69074674835409,21,low_risk
36.575866769347634,140.0,111.08889793452221,14.3687420106784,101.53400527317343,95.81802159740263,20,high_risk
26.70183024713986,116.74375359497661,60.98431456086351,7.17007190752313,99.0,86.12528833142076,26,low_risk
36.575866769347634,160.61152181381183,94.77251435171331,15.832340822420914,101.54330948406867,91.12682856960069,8,high_risk
36.855705236710456,122.78382397491777,80.0,7.5,98.04954051880783,87.21998377947092,12,mid_risk
26.606846888395765,111.53297681792318,77.40679755221474,6.281723154153974,98.02897866767532,88.0,21,low_risk
39.281968491624426,120.0,89.0,8.527206895222797,99.93993173537484,83.93512909186109,18,mid_risk
20.71643000775555,117.16284093015847,72.35276106826454,7.732502380448436,98.31974428046983,67.11051537069179,27,low_risk
20.36654124322983,116.38458471439915,71.42390803095878,7.774703778664961,98.172340720531,83.7182928219732,23,low_risk
21.549018911835994,127.44202186095411,89.0,9.860949185237681,100.08895392916342,85.5450604455948,36,mid_risk
17.333456889365735,155.46131870873594,97.46001614200142,16.38995510280175,100.38822865580426,98.18569628716357,34,high_risk
17.333456889365735,140.0,90.0,12.098184700865131,100.05565093775117,99.69929566020838,19,high_risk
24.708684349372508,120.0,66.32213938396447,6.400333561512211,98.48552351757642,74.31301574521265,34,low_risk
25.895536097116526,109.5351142722725,80.0,7.333962501552157,98.33843790921013,68.06591539190023,27,low_risk
29.748121222241522,108.71027622105639,75.75739950176101,8.016069540108187,98.45910236296005,76.34927636251034,35,low_risk
34.783007918467305,119.82604145726891,75.94489364676092,6.842022564832962,98.19560433192171,75.93090947154013,13,low_risk
36.575866769347634,177.03706058075483,106.2542562051515,10.709629114791943,101.81506756827963,102.36098192597973,40,high_risk
20.993519960420336,120.0,76.55749787680931,8.162603464985159,98.74541129700862,80.19371843030453,39,low_risk
36.575866769347634,149.52867605947682,101.26181858644671,15.64559012121995,99.0,96.31654701520414,40,high_risk
26.9919931649818,103.3703321300958,76.29193351775743,7.117613420526673,97.94976515438722,77.15590919588814,33,low_risk
26.55931468924205,122.70450872989299,84.77300204738098,9.479802946066263,98.30531821919962,88.31196694977208,39,mid_risk
26.334648421147794,112.5570694068467,76.0980498601206,7.815065491549064,98.553061420591,70.8946954657666,8,low_risk
25.07373573226157,118.74467631991608,69.76574516937318,6.923298160779229,97.5166876895087,77.92598538211614,34,low_risk
26.09672800072013,137.6194472462365,80.0,7.9371596848450094,100.5,81.88555503397144,9,mid_risk
23.50071676980161,114.8061590305926,78.46848844694556,7.036473167182915,98.2009309906284,73.24084442610916,27,low_risk
27.992541591962556,134.30196433049144,89.0,9.454490528599754,98.72288007521615,91.14945709509377,10,mid_risk
21.86698683065505,119.81044773639279,74.95317795632512,6.0,98.59180301920065,75.85360859658306,19,low_risk
25.22289964915478,101.8993708466743,74.36340262164671,7.377167964372521,98.0756424255199,74.19504426380621,9,low_risk
28.900478933671003,114.57289900198344,72.78308010312492,7.986700498681575,98.0913036741613,85.56506773722407,35,low_risk
32.52555306041537,125.12240931221336,89.0,8.882353839919308,99.93299237037594,77.48106223982815,15,mid_risk
36.575866769347634,140.56667412794638,97.9542093527759,12.479168189077253,99.0,88.14543212212719,27,high_risk
32.656125415467145,114.45191686888403,71.92393116047364,7.115084547979831,98.1093032380472,87.66117328673319,20,low_risk
28.65130137712454,129.29770333796978,80.0,9.999557252312181,98.33357687632615,84.79414595288517,26,mid_risk
37.612194548782725,131.636020576685,80.84104717527264,9.921604189720641,99.6114236261348,84.9569079470873,12,mid_risk
25.844069868810475,111.67063599630228,79.91746833444964,7.913158093852205,98.43480659215696,82.70008765040514,32,low_risk
29.188393210448616,120.0,73.19819959477584,7.097845051922457,98.72692248149534,75.90662146677823,32,low_risk
27.667842938193637,124.47549172848085,81.05564528787177,10.305693804805184,98.692826699496,88.83357762620832,25,mid_risk
28.331206972546816,120.0,88.4649917787449,9.44321107070964,100.02351809450826,98.0,21,mid_risk
17.333456889365735,159.5648288702704,104.31855762809789,16.15397584228348,103.36667742859608,94.45190942132179,37,high_risk
28.480270922755018,102.86584488269266,73.10453357491922,6.787791540180302,98.59223470337109,82.35739343574038,9,low_risk
24.116121601867107,111.45680030617504,72.70572799815085,7.535001853927024,98.39150208828951,78.76494919242319,38,low_risk
26.488752288184283,128.73903319513656,81.61075823164182,7.9102054871072,98.77940401338556,77.64458111362772,24,mid_risk
36.575866769347634,162.03407511761174,98.23071127569511,11.76589708311364,101.0664238734975,100.23249418808042,30,high_risk
36.575866769347634,173.2086359919138,98.13811103407285,18.151266813340893,102.65678282604436,97.45579124771896,11,high_risk
29.432731266950064,119.2716639123184,77.9106500076573,7.908940629851488,98.04185825053632,83.8669737796217,14,low_risk
30.231209125090995,120.0,89.0,9.622149206098367,99.40132053254372,94.42715841261422,30,mid_risk
24.424387837456482,120.0,87.15063460186482,9.58537397549213,99.2246985473634,75.84853143521978,12,mid_risk
28.568086649133065,126.5761620093391,83.56393187971769,8.601182405306359,99.42318248153252,75.41922289776501,12,mid_risk
17.333456889365735,155.04133578906186,90.0,13.223672225580653,100.17069859016081,99.171225153231,9,high_risk
29.74967320884751,124.99824615892882,81.64078271620673,9.187031515907162,99.47982821406023,90.75891335077779,16,mid_risk
28.03571435914706,118.2839062397287,79.14728740799178,8.198239699286084,98.04640045730143,73.43009045321347,11,low_risk
17.333456889365735,141.11854695251654,91.69683435457723,15.697655770422958,99.72357579390423,100.92322960420734,13,high_risk
26.068201063477034,97.36709705034143,73.73047575497131,7.71148118605977,98.07409759887058,73.69367574044247,26,low_risk
29.64330714951408,108.29648088071846,79.37159006357781,6.675338610996049,98.83888807664258,83.46056966861755,31,low_risk
21.073965395808195,109.76675934357368,71.54423126428948,6.792814163223539,98.2360795024826,82.71812667132029,21,low_risk
26.181626819989148,128.0379468762207,89.0,10.000044934991097,98.12124180077511,80.23274047349562,21,mid_risk
23.449193760256062,108.92071860117049,80.0,7.014210171607163,98.16007144243318,73.39966259988309,16,low_risk
23.317418708938565,101.18811737451988,77.09855722983067,7.496192908585891,98.60067401806752,69.77205187006462,29,low_risk
19.179316164935,139.0,82.06031281132306,9.96465694138264,99.12466017221657,90.51415735300246,10,mid_risk
25.698311251327357,114.35082403241528,62.97216971450465,7.554809545055041,98.41843168865327,66.7303844670796,28,low_risk
36.575866769347634,171.63781022759838,95.75881414701037,14.08053503470088,100.58723142096801,96.52808544620203,16,high_risk
34.21985512202797,135.96492131220197,89.0,7.83281572382778,98.08304534716329,88.2485726556804,34,mid_risk
26.346416099506754,120.28402544008318,84.87710717215452,9.851848614750764,99.64411264850045,77.04814895511367,38,mid_risk
27.535107523728392,107.2840838041901,65.80985471281991,6.59493076047159,98.36516610954274,68.5811302804459,27,low_risk
27.627765042527606,122.07659215450299,83.927507455617,9.290611854177405,99.8545812931677,86.17606869242844,21,mid_risk
17.333456889365735,157.34617444477018,109.7303053787139,14.151902611514995,102.72590495118916,107.29407393719082,33,high_risk
36.575866769347634,162.17393424881286,100.1364172409703,10.5,102.02312097374703,104.32759309066411,6,high_risk
38.4261175573987,124.4586603148541,89.0,7.89523613765151,98.92544476138846,83.95114472300399,28,mid_risk
22.820323652764202,115.12673457027603,80.0,7.705863199393944,98.74269496858818,78.99329916860927,9,low_risk
24.856695843560193,111.57700733164545,72.50161675996607,7.1730641819264775,98.64381041808345,73.67274530882518,31,low_risk
28.334228339613517,132.45678366856797,86.00926381047351,8.800566441746902,100.5,92.80376253390007,15,mid_risk
17.333456889365735,149.3240435419587,90.83198036005402,10.5,99.98513453433252,92.03498435478848,10,high_risk
21.177838237598298,109.90409922329081,80.0,8.013343761426208,98.58024521977256,70.69678662915562,30,low_risk
27.433354066612477,130.54441238543168,86.74374759503537,9.283167948390405,98.38546977163273,88.82080902129834,12,mid_risk
29.096116225982563,129.79960675551322,83.9954647574286,9.057138990085758,99.2426229684519,86.84217850604055,13,mid_risk
26.124765695877503,119.01753995456664,78.36157690014225,7.383145875918812,98.45299885739827,75.93720922568363,25,low_risk
17.333456889365735,144.39300984132072,99.96824059374197,11.242729085372332,101.99513042729261,93.51487755058996,9,high_risk
28.443895512457235,124.11706364711264,84.57214512125063,7.630250946882592,99.58730233603139,74.20285012109997,21,mid_risk
27.491399729389997,110.22759153916583,77.75289583760883,7.069721355032279,98.40250926247377,86.90053377745063,33,low_risk
25.739344494779495,107.09746821359086,70.43889618175474,7.35937019590352,98.2674274514874,84.12072188572722,26,low_risk
28.71672731648851,124.61165333287376,89.0,7.5,98.60263688297529,96.98467489364565,28,mid_risk
27.52504900545967,127.82878801672642,89.0,10.6688681891796,98.96483648622863,92.79013548751274,21,mid_risk
32.57238035265875,132.57565057578,89.0,7.5,100.5,78.28568370633216,7,mid_risk
17.333456889365735,140.0,98.93093811975808,10.612676712408078,99.09107898032667,104.06705171681119,11,high_risk
25.104364200843335,116.24982308320638,79.2936426494194,6.92481681833935,97.81373045706317,82.44173166344542,20,low_risk
25.88853508653485,109.14267475873204,76.66003099410972,6.596639174586321,97.5,74.37779981943298,24,low_risk
36.575866769347634,150.43180746089374,93.25347012338445,13.332731265818904,101.58374953805763,95.89612236289145,22,high_risk
35.41525327776792,130.35334030401282,80.0,8.360689224510716,100.5,79.77703171277115,20,mid_risk
26.600318728526915,120.0,85.38512466114554,8.867818665380428,99.36622547898098,81.71781190095346,22,mid_risk
35.7309095152472,126.7044948274939,89.0,8.468258495608197,99.35911653787934,77.37260559341998,17,mid_risk
27.08776626246759,119.20248344766655,74.07809166974802,7.457604493681041,98.69864454584086,81.28039577774405,10,low_risk
36.575866769347634,165.86071601262609,104.72817043380667,13.604675125667212,100.68915735631701,123.71430744810432,18,high_risk
34.2346279060634,139.0,89.0,9.804948642830215,98.79357651244605,88.72473740316158,23,mid_risk
20.67574668960041,113.61476164747064,80.0,7.531131583093293,98.53265906685031,83.79992423357281,12,low_risk
25.3291359571017,120.0,79.60928928115236,8.071270619509537,97.90007186416426,85.63371899539071,29,low_risk
19.549407464150477,129.30907010935036,84.22998374889718,8.890987517176526,98.0,92.55581705758802,29,mid_risk
30.651195419247696,127.68494961683881,82.39393927620866,10.844932625040165,99.16720997372431,83.02278674070567,20,mid_risk
28.556959849992346,133.87798876592808,80.0,10.254585518042195,99.21609912239657,86.03177686249518,8,mid_risk
29.196036903347558,119.57152900428395,76.12722432092086,6.901456501014472,98.31313647714526,83.02700579623688,31,low_risk
17.333456889365735,143.13763654897537,96.22502137374259,13.017318919416647,100.69484476563409,94.9702541578086,11,high_risk
20.89393880235576,111.54429385814487,73.61389477388477,6.221198933749756,98.46451981706508,74.51965345531336,25,low_risk
25.185746192624595,108.30183155176313,61.33876957390157,8.492957206429885,98.24481401243702,65.0,31,low_risk
22.878969526510236,114.45891194157107,69.25541739587581,7.266321190484364,98.79041628774239,74.50378224896511,13,low_risk
17.333456889365735,155.4744420397262,90.0,12.459669777157526,101.5670789589396,107.29749707327619,29,high_risk
26.812717378411932,120.54378549083839,89.0,9.040000798997994,100.22272871620952,87.50073784122824,15,mid_risk
28.85551646717964,103.9683652016605,68.00151235817346,7.4337627144551925,98.73172950903314,87.51163800325725,10,low_risk
32.58717193061579,113.61155367317954,67.83738342615746,7.528991776532699,98.33975439414803,84.8552749030238,38,low_risk
25.783381020390728,106.17005959275228,71.91045227117054,6.483286236140379,98.34204857522086,68.10735215770093,27,low_risk
37.36068914082559,130.9338220174865,89.0,9.930283554113226,98.91126454160538,84.23127024665013,8,mid_risk
20.39602569031079,120.0,76.10047245225921,6.10131307299699,97.98721348646113,81.46129470198846,33,low_risk
33.89593788500402,138.7828606980999,80.0,8.657943909935044,99.17389719847252,82.97488040431756,11,mid_risk
32.35438128369216,120.0,80.0,10.297254750231783,98.47603880886949,82.72499312735471,30,mid_risk
27.56337144506804,104.01811824556606,73.75955746334614,6.548324220491154,97.91303848260122,76.09016650172258,23,low_risk
18.228172743218458,115.43234465028486,74.36598495500847,6.930874298083284,98.33719006862212,74.04078488479257,14,low_risk
31.735710765831474,120.0,75.65425652307789,7.040637263828337,98.78163404086266,65.0,30,low_risk
25.60180533638532,127.86175891150963,86.7275639740951,7.548763108980057,99.36055530019435,91.90351768993779,35,mid_risk
23.375419902887682,126.89897694194048,89.0,10.29509661834215,98.62526140825213,89.25625860338133,13,mid_risk
19.55225153441313,123.6789552599362,89.0,9.713618276048122,98.0,94.95282012925378,24,mid_risk
25.68547312475988,120.0,67.70747544662333,6.952551709070112,97.72309166734267,84.80069534139386,37,low_risk
22.40288981973597,104.46095863432446,69.0242575907331,6.805576467603165,98.15803729442874,69.64472974976259,30,low_risk
34.50842561070839,132.68057075507264,89.0,8.376599312978371,100.33509407184177,81.21136544145595,40,mid_risk
36.575866769347634,146.28177037713687,104.6575432650896,13.631695535627923,99.74513028960205,93.69435769125046,23,high_risk
33.204441622568105,131.95763734440177,84.63257271663876,10.042475739765692,98.70909500929578,86.33053207500099,29,mid_risk
30.595954065037958,139.0,83.23755847101816,7.5,99.2476319489848,92.4987678247656,12,mid_risk
30.984177245956733,113.56193103262733,64.65091830233918,7.608132216286015,98.41507862924958,81.39107022730938,24,low_risk
31.454845076234587,114.06272728929932,72.82015006394514,6.688567940355538,99.0,74.12393698208034,25,low_risk
36.575866769347634,140.0,93.49221504683467,11.597564988130419,100.56186077724632,101.0330151841496,11,high_risk
24.86922100762363,109.15057806026485,71.66752310385901,7.358130487172871,98.14670744131402,71.7825313717626,33,low_risk
35.16814601389456,131.44870458909682,87.57116395574164,9.145798609170505,99.3639206863817,91.05225520789368,22,mid_risk
34.166393085517164,139.0,82.86175742230049,7.825744397359923,98.8257620288191,87.67442158100206,32,mid_risk
21.554863194686945,118.97126981564914,72.93895515049424,7.619213288110227,99.0,67.04522637996405,39,low_risk
38.83529787228851,128.37627491206803,80.0,8.248534822007057,100.21263926749307,82.64803833117145,32,mid_risk
18.0,103.48980560240182,72.32431109414274,7.531889493827526,97.84087780863028,74.6319656391417,17,low_risk
24.37729105843168,111.63603511711227,70.45279498786226,6.380629557485911,98.56264881368908,70.55858275166763,14,low_risk
18.322378875514513,112.26161467823472,80.0,7.120718046659072,98.10162314940976,75.80771503501772,12,low_risk
36.575866769347634,153.22382826755307,96.86592540044477,10.734668927286227,99.10683881297646,109.54633657905427,19,high_risk
24.64687180659498,120.0,63.90756067805681,7.372064467429552,98.3263870403204,72.64722508669026,36,low_risk
27.38960027939943,117.34119046674871,73.38133659950121,7.336497525439232,98.41753151978418,78.63490080220251,14,low_risk
26.231207075568236,115.56134033368517,68.74929630198928,7.393911289474923,98.22645061480833,69.60380697023392,21,low_risk
19.842243446263815,126.81582794772244,89.0,10.02956778979686,98.31569425490795,80.01192789207732,29,mid_risk
17.333456889365735,140.0,95.67818241899808,11.218868030507306,99.0,103.31022393617789,39,high_risk
26.325053725614257,118.51537339498947,75.63910586421542,7.592985350533014,98.34459510215711,75.58932104400151,34,low_risk
31.118201277842456,120.0,73.81214677510259,7.305713893501616,98.7459297753964,75.7343600809321,32,low_risk
30.568009145378397,105.88201396784731,72.03235072015136,6.0,98.27782211902333,67.46273855313068,35,low_risk
29.642925108136733,128.7354082960578,80.0,8.077256374397908,99.14543762198116,88.30677030950562,32,mid_risk
26.915919302985568,108.70765055355423,73.52770642778998,8.369005586873888,98.09845515452362,87.22644689384869,6,low_risk
36.575866769347634,158.31902435467285,91.82025578704422,10.5,100.75506196189237,89.7794610459889,7,high_risk
22.743685477053088,115.53131961862432,75.46357741070926,6.91025409632369,99.0,65.0,19,low_risk
36.575866769347634,153.2931220893518,98.46005033695211,10.5,102.81691440311259,87.3641703326935,32,high_risk
18.77641741518549,114.04030776741334,66.62933933978947,6.691160641181695,98.80264261641305,74.9222816715662,20,low_risk
25.764396272079612,104.43901140896452,76.17987694750023,7.622064079883336,98.04250159236652,73.68704055452585,31,low_risk
35.48058967704592,133.01913659266947,89.0,10.45066229603585,99.82381824832251,96.82969254426779,27,mid_risk
36.575866769347634,158.26076260635924,93.78628485565343,12.304438133698286,100.11192109624992,108.35265772531697,37,high_risk
17.333456889365735,143.44695452350538,112.5172427381877,15.510011984554597,101.00463017687537,109.64087222371519,36,high_risk
32.373554886993325,131.04604676598345,84.71227600768869,10.476412665983828,99.18770764188261,89.93925673494397,9,mid_risk
26.734847122709727,120.0,82.45868157242386,10.062940757936852,98.91468920468877,70.50164176601234,16,mid_risk
29.444042822563272,132.5549932545897,82.34923951140644,8.51588671985801,98.0,83.72382361547102,25,mid_risk
19.87828259001487,99.18595471612782,70.13670277364588,6.505730028772038,98.78949049234096,76.56716540553082,34,low_risk
24.902581630956067,107.94575152503033,69.17167598238396,7.587352627304516,99.0,81.4297722489652,30,low_risk
22.097024747386136,118.42090142989856,77.85960077418338,8.206426252683293,98.54669856315691,74.21279917025883,12,low_risk
28.740764473353245,139.0,89.0,7.53047600558931,99.10317427015771,86.20418564454957,30,mid_risk
32.75796507020258,128.79515271649143,89.0,8.653417304686242,99.47436501396425,76.1365981904411,8,mid_risk
21.369745351833608,102.38820512861699,67.01440907443504,7.024944820644878,98.50350792209757,86.0035410504972,33,low_risk
26.428450286046985,119.3125711101839,75.94579597833965,6.883021772002213,98.45436982688734,67.85095047113444,6,low_risk
36.575866769347634,168.76907432987753,98.86633261964079,10.5,100.91687618648976,103.18558702007022,29,high_risk
24.61881787045219,120.0,71.2494235853173,7.631050454082985,98.30603029139162,71.5456817774156,35,low_risk
36.575866769347634,144.10766405525834,97.19456752498348,14.314626594631596,100.3745358007648,101.69538949896088,14,high_risk
35.913567159372015,125.62954077771919,80.0,8.403122535042066,100.05494988292713,82.10181613205908,22,mid_risk
26.001971401383507,105.71853410390837,69.46121909926539,6.866328751943532,99.0,77.98068274282566,18,low_risk
27.487239848868786,93.88292706507505,69.41862949718137,7.908076904244917,98.52320396088695,82.82428658577348,12,low_risk
27.51338203705712,107.13848537791371,72.16746489815974,7.016628533359013,97.70124172346178,65.24154161252567,10,low_risk
31.316851262029566,120.0,80.0,7.262062877584864,98.81939306042024,84.33858480367813,19,low_risk
24.60329654488247,103.82095597244313,80.0,7.516138754199476,97.78222646070071,81.94714667756,10,low_risk
36.730598759491485,131.60778248601366,89.0,8.548110650670447,99.7714271808811,90.47726032802437,39,mid_risk
29.116622549302576,117.71875027225651,67.59772214498767,7.1796448644432544,98.1703669691651,68.47503407802638,13,low_risk
33.65301889322184,115.34614636435074,80.0,6.718631983716274,98.03944972804113,73.58160479177967,26,low_risk
22.87799540955789,116.25671090283424,64.89698349725741,7.39467516261151,98.26933070099639,86.46750322045149,21,low_risk
21.57136977433487,116.89442327523578,72.48977250255068,8.1168188156327,98.22147179390626,65.0,29,low_risk
28.85350451697729,108.13889061771914,76.31603146049561,6.30059042372496,98.71784015317809,78.18736886413274,12,low_risk
28.820569282004953,114.93512278088598,77.88703676382255,6.545874955920342,98.44435455313138,75.1188788724682,28,low_risk
24.96810943473353,111.37330468877516,80.0,6.094861336225286,98.23559002539874,65.73637987338091,25,low_risk
22.914617210390887,131.17574633060033,83.0873517853754,7.5,99.4696389526758,90.15254834395965,8,mid_risk
25.50230581388617,108.09985639355861,73.82496194996882,7.125587167566002,98.67332980460644,73.92937541908486,32,low_risk
35.528004076268466,136.01816828540487,80.0,8.280909091452305,98.76612002111175,70.0,31,mid_risk
25.86973149271889,103.88397828493879,74.55686300920026,6.7043328049712745,97.89389663636592,79.98187808219704,32,low_risk
17.333456889365735,151.7908100698032,105.26684844273777,15.388358044046957,99.92693770661724,95.76074175083052,6,high_risk
30.815970123275836,123.42170101924557,80.0,7.5,100.17637689854938,92.88961944689221,6,mid_risk
28.518463888886398,132.13245635839868,89.0,9.507204741680619,100.5,70.35914809025927,35,mid_risk
31.513384467114868,121.39716274430475,89.0,8.9647465353852,98.68237935976107,91.0321125711559,29,mid_risk
35.0949791584397,120.0,89.0,8.863648941124538,99.61284401182046,81.20670651601343,11,mid_risk
17.333456889365735,154.1790489284939,101.64400920873483,15.952243420958782,100.10370858498666,86.93198674015406,37,high_risk
29.25433084468546,134.2517393139796,85.52997265174331,10.149984527656198,100.5,79.02670850863443,35,mid_risk
36.045731430451056,139.0,80.01948858556541,9.739368189990909,99.38952370374027,86.45415116307053,39,mid_risk
33.682068722680064,131.40433035420625,88.29398196679932,8.254573111577901,99.760058157061,87.9561049305314,21,mid_risk
28.166650775851743,118.98843612674303,73.68997995316984,6.0,98.4871209358995,69.95279252066722,25,low_risk
18.0,117.22778378474347,77.20239897600412,7.97045747636887,98.05975469881923,74.57315777544436,18,low_risk
31.670788109365773,124.65768440736748,88.55993486355486,8.822247934346843,100.33956039592582,91.89689103226988,17,mid_risk
30.03010567908346,131.91083760730342,88.30131442224275,9.4130840549039,98.0,81.56224488720667,21,mid_risk
20.98343693299173,103.33687110319875,80.0,7.196427174472363,97.95872624750677,71.3237480484393,11,low_risk
36.575866769347634,150.49311882313458,95.5352315358105,12.396277843829958,100.6246257055216,98.90902250443817,16,high_risk
24.728474786979604,122.3949890380914,84.10355984694958,9.333421052479542,98.37638038784337,82.52423140240448,28,mid_risk
26.47284001960883,120.16598133596506,89.0,9.348610637388438,99.8788303578736,80.30054388568804,30,mid_risk
28.661608470808297,108.31958401875436,67.40376402700616,7.942592254507199,98.39319757020647,80.14546574435316,22,low_risk
17.333456889365735,148.49211973627803,92.84296292877681,14.140863387201412,101.3799950172798,89.80320383461061,11,high_risk
24.00992545779398,119.43367811763662,74.67148248623896,7.658316210980054,98.25761036624567,69.23641724467512,18,low_risk
36.575866769347634,169.06892851132028,94.44464360483639,13.912853975108428,101.23725843666719,86.56516496381738,24,high_risk
29.123998089983804,115.21905906142243,69.65853634061817,6.66432749070487,97.91336767834572,65.0,23,low_risk
24.0538800754381,125.4771665757546,84.69098490529502,8.666992555368726,100.0301732925369,80.0813763964079,35,mid_risk
29.348193595103258,135.21015815649292,80.92127305238812,7.56966948319636,100.5,81.53486480450691,18,mid_risk
25.11108877660127,139.0,88.7793467360008,7.9344366994510525,98.8315395468206,89.30136094561517,19,mid_risk
23.283866760258405,120.0,89.0,8.572307795255128,98.76513284792502,77.00564953898935,39,mid_risk
20.104238932950974,116.87923112048786,73.09248418932167,7.17062098148493,98.59911532376712,72.99843390047995,10,low_risk
34.852968449941145,106.16158635471066,73.96739342385271,7.070634252859187,97.83830417349537,80.09927442400641,14,low_risk
36.575866769347634,151.32535521375007,108.60032102600167,13.47103603842415,100.46620310437004,99.47919025802776,25,high_risk
28.509449162302687,106.27636348362013,77.3246358115087,7.220404857736888,98.41636989949157,77.6653150809612,13,low_risk
36.575866769347634,161.2859130315908,105.96444637308169,16.31317737855839,101.40997164679254,93.63762896632636,36,high_risk
17.333456889365735,140.0,113.36281121693676,12.098692983652162,101.47827833865186,88.45394231968478,9,high_risk
22.859059153757727,113.19368888077896,71.33199846780417,7.633142091262885,98.065163946554,88.0,28,low_risk
25.895656536258645,107.29740600648162,78.66564036170534,6.968596421413292,98.28047196438833,83.42308480173405,39,low_risk
21.57566469636453,110.75129885636476,74.7179396825258,7.00958970465448,99.0,74.45194878281434,35,low_risk
22.49213176884893,115.81250818125535,75.15722961262786,7.409005043547676,98.48203013569386,83.7427644482581,16,low_risk
26.256989330381096,106.57655415121127,62.90349813626233,7.982104759160856,99.0,81.81261937408811,34,low_risk
29.314723333725183,112.51190885539015,78.39708520568702,7.1312154986961644,99.0,72.24450389389239,30,low_risk
36.575866769347634,156.05843166645488,117.03173777483488,17.33664132171299,100.91141738254343,90.21964523929613,25,high_risk
18.0,102.43178159639923,72.24039341091745,7.774021911831396,98.56633065178214,80.92179024705379,24,low_risk
29.23369794739835,117.98986538888776,80.0,8.288044619109254,98.09151988018029,72.08229906500752,28,low_risk
34.176297835997154,134.57633603143154,89.0,9.738559617044732,98.00378715199886,95.43819467234727,39,mid_risk
25.00948044526114,139.0,89.0,9.314585207214579,100.07729054676965,80.10581076827584,21,mid_risk
29.36602740768985,109.16745653381723,71.92016536026321,6.0,98.93355429820024,75.81088892003137,39,low_risk
32.40911273803575,111.08518098171673,69.3680943500923,7.003982272088182,98.90173534430294,77.11502577341652,40,low_risk
19.607258311577148,115.93540465917857,80.0,7.976991350890174,98.09317301783989,87.47203281431618,40,low_risk
26.408221586057188,110.85457724963621,67.72432314013302,6.332876841352665,98.41015411118892,76.39014778713268,38,low_risk
26.246595064741722,132.50271997057283,84.93586070816055,8.721455225893395,100.11426427164498,84.14474807927405,11,mid_risk
23.738923021438616,108.51685930117166,75.83824646495711,6.835064095533145,98.54415735800724,68.75344364473989,19,low_risk
26.65470258017141,130.81881688251244,80.57716772938672,10.025175526177152,98.68438822467236,78.95666959800754,26,mid_risk
29.090281728038562,118.10596880106101,79.96367582708207,6.436848599332366,99.0,88.0,31,low_risk
29.63244349400027,102.30920910456695,80.0,6.9821300033066604,98.19289702111112,72.3490365776128,35,low_risk
26.15909942758565,109.10163368989936,75.58726630625088,7.226615278509365,97.98178820573038,78.64997538511636,39,low_risk
29.12113381612737,115.00399432828726,70.52152561401468,6.91890233198381,98.27584360344898,75.78051976073893,32,low_risk
26.345671899081395,120.0,89.0,8.903111931198888,100.43483114510464,94.85927277797344,33,mid_risk
25.97474884596765,94.47189709903236,66.41678725289604,8.052302572362638,98.57112575806117,68.93343125205185,15,low_risk
19.718173547662893,106.17031576893609,66.97216490410679,7.626329461378671,98.31544630807282,68.28645399546383,8,low_risk
36.356667197925496,129.0543132656907,80.0,7.5,99.00665762838939,74.42538310601766,12,mid_risk
20.786337747305375,112.8603308040535,79.40992404624971,7.769287857882972,98.05569727931928,74.61364277895461,31,low_risk
22.449040062994737,102.67744740390361,77.3946564502964,7.453068044550522,98.03141959062843,70.7350958670662,6,low_risk
22.29443079176292,109.37968158375642,71.94088315518171,8.5,98.74044963935211,72.45163162097171,7,low_risk
25.307287564241022,114.74663719691131,75.60392862966341,6.692596137303532,98.47398823002926,73.26719766250156,24,low_risk
22.14259432789453,107.45922946858323,78.27262613533308,7.0067831073047655,98.39565314518602,84.02181444133576,22,low_risk
17.333456889365735,142.19555682820643,101.57097226572542,16.217632055951366,99.93620729798224,96.20876317748767,37,high_risk
36.575866769347634,151.90860399105335,95.4148676949389,12.222067580151982,100.3963038795506,110.24635288932262,27,high_risk
25.238521479680696,103.29294585969065,74.22611354499992,7.058450082412726,98.0231759265703,82.34034946768251,18,low_risk
23.066158945811573,128.9997375263335,80.0,9.16095125237737,98.64104245179296,89.22810304644759,24,mid_risk
36.575866769347634,140.0,106.54396053242704,10.5,100.49181238348189,89.69060854193202,17,high_risk
36.65078612568432,120.0,89.0,9.542661781438113,99.3916381766954,75.96400029773467,37,mid_risk
36.575866769347634,140.0,92.33087817915204,11.460264770608662,100.84932256286271,87.98323059699962,28,high_risk
17.333456889365735,154.57444427403811,95.6953796461713,12.219942179178735,99.65134846247497,85.0,40,high_risk
27.17319211614555,107.7054400653355,69.8153964810186,7.781741415451744,99.0,82.12974858639969,24,low_risk
31.752877288062724,126.53044826898726,85.7726020266886,10.053599482810489,100.07572065272822,84.90872736915867,19,mid_risk
36.575866769347634,160.9944125871727,101.7114723359007,16.431580151290433,99.03636830879404,85.08953782110707,20,high_risk
29.593261364821256,123.3619395327964,80.7181029499522,8.051396179164671,98.96516965257022,77.30135386043932,24,mid_risk
17.333456889365735,142.92456020629606,102.23839146583839,10.528787453882508,101.19572810124052,88.61558596229887,19,high_risk
36.575866769347634,157.69052134978764,103.34011388317745,15.345403621020242,101.26244269340316,107.77632966801428,9,high_risk
33.51005305764704,120.0,88.92629255719208,9.207816866758398,99.56483167070697,82.34021397990726,11,mid_risk
36.575866769347634,150.10816785099843,91.06406740768296,13.894086088846638,102.10713388043438,85.0,27,high_risk
25.975202855084795,109.42453347820803,67.5584619126823,6.333837442698141,98.89782606414211,74.30108869072075,25,low_risk
17.333456889365735,140.0,103.2935994498981,10.5,100.56197829417295,110.70049296415004,37,high_risk
19.207662634010703,115.71492556603118,71.05566586630653,7.557294538583554,98.29007907809893,72.97421190512426,19,low_risk
36.575866769347634,140.0,90.0,10.5,99.35207745722319,94.60879287147539,22,high_risk
36.575866769347634,157.91760884786763,104.17903868133287,11.400999283130524,101.80823796306649,85.0,20,high_risk
27.01301437154689,135.43140048513476,86.89017715209191,9.121918851438643,100.20745326391604,88.61915586632296,7,mid_risk
25.60157514590483,109.57810922054801,71.50134911924185,6.967054167887077,98.40927839142296,73.63833050780194,33,low_risk
34.05997787677066,132.65602683542892,80.0,9.768868492784685,98.46407372434088,82.32783732609916,11,mid_risk
36.575866769347634,145.27350703846673,90.0,10.5,100.86652902099866,107.40559884015254,9,high_risk
28.463020776680487,113.10730781918222,76.79069757259253,7.6506596727043865,98.66177241084226,79.9812737109906,18,low_risk
31.494292318752898,120.3358247385177,80.43845548340235,7.5,98.9128991321055,83.80484629118061,13,mid_risk
20.91506873147715,103.45625708529913,76.86872210502207,6.722317918088103,98.89081383881955,65.0,9,low_risk
17.333456889365735,157.66189247222437,92.78353749076946,15.162343294926668,100.3002051467286,93.88104264873118,22,high_risk
28.30166539595212,97.45455843836235,80.0,6.629453562187661,98.07796192758781,74.84017464131217,25,low_risk
36.575866769347634,155.41508611631843,90.0,18.198527018303814,101.91090307644434,88.67484869999369,22,high_risk
31.81484646198334,126.98618926749796,89.0,9.6280700077704,99.03344581377542,70.0,16,mid_risk
33.42421097052795,120.0,89.0,9.544854103726214,99.59170501175213,82.80892709460464,19,mid_risk
24.839368197422626,120.0,71.72726140628278,7.633696136991308,98.53518222165802,69.31280610995162,9,low_risk
22.705351972479054,120.0,70.9674830589213,6.798992883091919,98.37808865586447,65.0,39,low_risk
22.991783102589554,120.0,78.44518561139947,7.599221361019699,98.57669869455103,80.12114746607354,7,low_risk
25.09804069703577,112.6796224632266,70.81346126485603,6.835412192775917,97.90310138658032,65.0,20,low_risk
18.0,99.08910759202416,80.0,6.523502340628177,98.83508417046315,65.0,15,low_risk
29.946287266746026,122.28518573372705,89.0,8.572880522875831,99.24955522798255,98.0,19,mid_risk
23.217989914396913,108.2940886273939,79.5193867165813,6.750385386346333,98.16124208610722,80.39138841540628,16,low_risk
21.132095427483147,100.17937709372899,72.19344719016355,6.572327348962498,99.0,77.47068570623571,37,low_risk
33.53689287570985,127.29065912404697,80.0,8.718372531154147,99.58675493462266,85.85859906507295,11,mid_risk
33.53508751478803,126.6049623407688,89.0,8.851236729350134,99.306924400845,88.10805059087546,38,mid_risk
36.575866769347634,140.0,90.0,13.239963358347968,101.64348322356349,93.20417917769196,18,high_risk
25.7862191060463,111.38066948240503,68.92620253407074,7.3315814023202615,98.06327134725275,76.70274529689911,32,low_risk
24.702266283599815,113.25795649164776,74.39798931188018,7.168135918981854,98.41167620157424,69.05835161662317,28,low_risk
35.69359033928049,120.0,89.0,10.594257397442284,100.22245288381235,98.0,16,mid_risk
29.320543072374097,126.6684319242405,89.0,10.219020301204377,99.01865777832317,75.6625259692187,18,mid_risk
26.976120745130956,109.69617236828589,75.7335498880246,6.362730897146957,98.25474734127317,73.25981430986052,18,low_risk
32.517713783583815,120.0,82.08377656918792,7.923986172562618,100.28268393807056,75.99984746735487,9,mid_risk
22.243248727641728,105.5736779221057,65.26181745085869,7.430521243203538,98.83767181900859,84.15578559618884,40,low_risk
26.63171564198404,126.17823197537531,86.46781459629979,8.084124484498417,99.29806485494439,95.32144511022882,23,mid_risk
23.069757297072137,127.37993591082972,89.0,7.8710902220562735,99.89106218295085,76.96710060193243,23,mid_risk
36.575866769347634,153.88897767839464,98.4450570038889,15.448674961449559,100.78461526610832,92.8475427829278,6,high_risk
33.968790715495665,126.1498058770994,81.90956039531079,11.0,98.84660262120246,87.07964245235385,40,mid_risk
21.037854699477247,107.9855635680405,80.0,7.770009497201787,98.29050829913331,78.14596819978654,22,low_risk
23.56283163685176,120.0,74.39071531484824,6.467807586033615,98.06632606050695,72.33293708788403,23,low_risk
17.333456889365735,164.9426209558363,98.63675402210816,14.061066319552,100.29581166969287,104.73420745425723,10,high_risk
30.02455279281777,120.0,89.0,8.604928459029917,99.57972291660587,83.70119113467906,19,mid_risk
27.540687206727878,109.47542923791369,73.69498014072309,7.9685637460000365,97.76574971729217,79.89329155542303,33,low_risk
20.989882541448765,106.28002835044772,71.43401817743302,7.345874075107736,98.75796422241073,65.79000485027551,8,low_risk
22.412252889177704,111.92746631292367,74.25598950940542,6.955868853297376,98.18080167250355,81.80084262550326,6,low_risk
22.901918934880904,109.20813725931968,68.48165085734816,7.336010549096758,97.99722905562194,77.48488328584062,33,low_risk
22.908559891386926,119.2233066230129,71.05364174105347,8.29232634476509,98.41375012361058,88.0,12,low_risk
34.492747501706084,132.96066945289564,89.0,7.5,99.3612671685123,86.16969084718069,24,mid_risk
24.985589843637726,104.73296842431532,68.94700890035543,7.374568418603691,99.0,72.23110360146615,14,low_risk
35.0,107.40006047329992,74.72531872979691,7.111676832788642,97.5,74.1275684076836,6,low_risk
17.333456889365735,157.41114943454554,102.32127767096112,11.856796819445956,99.44471129476456,100.1921888756374,13,high_risk
25.90983973841652,114.7598328576347,80.0,7.615714550542462,98.17035972988657,65.0,24,low_risk
24.052725573039965,114.36802917893789,78.42615741494495,6.066210424742309,98.19719653629198,73.10209644356296,31,low_risk
17.333456889365735,140.0,95.80838222887772,12.583146817301573,99.45983107627258,103.83568038364795,29,high_risk
38.81809603875395,135.46202476724207,80.65007127595531,9.177985042504602,98.91026324891324,82.1196658093404,21,mid_risk
17.333456889365735,166.18726643621088,91.88303505468006,12.167423349652559,101.80818078972437,101.71939843993769,23,high_risk
25.342391356913677,130.0722305718697,89.0,8.508725358144604,99.86793387794141,85.44161403036146,10,mid_risk
32.88149826520255,133.1587303164338,83.3090517812774,8.707056391280473,98.0,81.7832925860172,9,mid_risk
25.270112818751695,105.44612341196452,75.83740832737152,6.730797904493378,98.32563020762049,75.44818920278172,31,low_risk
24.61314755251843,113.71332444914594,68.10979566311809,8.309617284831829,97.98554257120993,77.39256782757123,30,low_risk
34.009743221377235,116.97839450727504,63.567611708144575,6.50790454440913,98.03279237534441,80.1967854813742,14,low_risk
37.07956181009912,139.0,86.71075729243532,7.5,100.06172998115265,87.0398778598219,30,mid_risk
21.806811021846187,116.70762572738815,68.02353118200378,8.23573592738138,98.48332900345024,70.95130291522595,7,low_risk
27.67148582670463,131.5831428684634,86.56021316481899,7.842663128710972,99.26768619497035,75.2668552356746,33,mid_risk
23.14632922875015,115.34996147513033,76.40933030859246,7.393249386460192,99.0,84.49847075020176,18,low_risk
32.79019835759508,120.0,89.0,8.054231914342628,98.96845104748152,70.62132017653384,12,mid_risk
36.575866769347634,149.84709927602168,103.05132817837205,11.64180480460431,100.66074474370241,100.93939848286232,21,high_risk
36.575866769347634,150.32123893979056,92.75396802670907,15.439059215158089,100.4765646952258,95.30918691662497,17,high_risk
31.053425941477393,129.16019337977994,89.0,11.0,98.5960465070562,91.53243614052478,12,mid_risk
21.20240444467223,100.63831199827729,75.83809920104855,7.071559381363284,98.32168589161257,80.24474626518628,30,low_risk
21.041580718965676,108.62699184053018,64.45321956246353,6.0,98.53112442942965,79.3061023613578,11,low_risk
30.659850009727876,120.0,80.0,7.5,98.75717970531716,85.14735348949233,12,mid_risk
30.245989689053815,134.2174581768386,82.52563039196465,7.5,98.27614170581897,81.65344464046832,36,mid_risk
22.986097383535203,120.0,71.60253516300378,7.082231609167238,98.43913086988317,76.4335122894275,26,low_risk
26.529638984736202,105.16700129331538,80.0,6.0,97.55042096691975,83.14756408979099,32,low_risk
33.36954910274184,103.86050917225957,66.97405076598213,7.113057252551141,98.48412121608881,73.18141321397718,7,low_risk
36.575866769347634,146.53158069231455,99.92381911913262,14.728150421352902,100.4966168216066,107.68428124906795,28,high_risk
26.297181108314714,120.0,89.0,7.7731693597915275,98.0,76.0227806791318,12,mid_risk
30.715501038215496,135.74496061792496,84.85953651670042,8.33584799457121,99.5226178219287,93.04687187572686,13,mid_risk
17.333456889365735,151.74650899833068,101.4954649928881,15.303018278218673,101.06217078358253,95.13069648952015,35,high_risk
18.10032866994787,113.01616494421647,73.3727286999855,7.335456913867053,98.43064362818068,72.39768584277337,16,low_risk
17.333456889365735,141.40419222190866,97.6921493774932,13.034039338310757,101.14750843954737,99.25027578691468,27,high_risk
28.03587688197307,115.53147042652365,63.49986746174188,7.417869376646714,98.60171514135371,80.85467674438827,8,low_risk
28.178549520537945,127.58776449450848,84.51414721590615,8.766378853199202,99.06025446672841,85.28852848305858,35,mid_risk
24.683893796010896,123.85627692404412,87.47259634534271,8.678986217945848,99.2031908484089,73.59452734742003,11,mid_risk
28.673266424009253,111.85868709475457,74.89347358405237,8.12068926107671,97.70832684419864,78.76763250590699,11,low_risk
40.0,124.44941216246934,80.0,7.5,98.28430586809873,87.79945595795553,40,mid_risk
21.58147187317008,124.68748453759741,86.15376603441216,8.950342555934428,98.0,84.09634827816711,40,mid_risk
22.548845238062455,116.44494607252075,70.45489521184754,7.233518363906699,98.17331795677798,82.3675375510727,28,low_risk
27.003668750497525,120.0,66.4032696226158,7.374538234554004,98.60183272579096,88.0,16,low_risk
21.084945136870772,106.802950910713,76.91772151505944,6.250693941992324,98.28933129131235,78.857442120326,13,low_risk
26.541269518915346,108.09185863724903,80.0,7.748084239210444,98.22853818923339,70.61183664205325,26,low_risk
27.65576197969088,129.12059878367862,89.0,8.626803438636287,98.86796295311237,78.15722403408586,23,mid_risk
26.12396747094013,104.98049898573828,71.71939586262906,7.186619829769168,98.1579375057576,72.90031480743936,22,low_risk
24.03505576857468,120.0,71.61177208697997,6.6042803993486725,98.4546389582355,76.83791004529537,40,low_risk
36.575866769347634,154.5613279864034,106.46547761487038,14.568445261284777,99.16868136317976,94.4348469198022,10,high_risk
22.478766644775895,129.35542467127158,86.49724672395399,10.00149160971191,98.0,74.19469791067499,38,mid_risk
36.575866769347634,143.33925813357902,96.13718645087052,14.820633998356014,99.22845888977515,112.84483922898453,38,high_risk
29.422103731831935,111.06461093237999,67.13570274259467,8.5,98.35421105128046,77.253121255206,32,low_risk
17.868412132706332,139.0,83.9695566676591,8.219837176027001,99.25622965367131,89.9895765404638,16,mid_risk
22.58405925313672,112.12786989203165,79.98623461822613,6.7244859317308725,98.93122275559479,83.38421742990683,24,low_risk
32.46309804457903,103.46913599954894,68.54033049802344,7.995259265457047,98.45494099176283,75.50647780197129,15,low_risk
25.270073925640435,115.28040140920828,80.0,6.772816063644647,97.92835671425486,80.21595999099583,35,low_risk
25.531878696587505,110.08091486047094,76.12921829314915,7.488156300843555,98.65764950714005,74.98948172782671,28,low_risk
35.73783226072349,129.84773862956123,83.2536863117671,7.872354181118692,98.58926109371502,91.79747219942703,23,mid_risk
26.245000618174146,116.84834678968687,69.76842011267132,7.451823365014359,98.39208226219172,74.65916496857837,28,low_risk
30.9241988218019,124.8212157446551,86.2602317401001,7.5,98.0,88.10998642872381,37,mid_risk
36.575866769347634,157.4451951198079,94.21467148378473,18.880809784858645,99.94826477134464,109.55281789025571,36,high_risk
35.43316770920765,128.97055385805245,80.0,7.5,98.67767841185724,80.48238116801645,19,mid_risk
26.017683373204854,102.91771364432304,70.08123239437786,7.622056750072385,98.65547085595213,86.03720921139117,24,low_risk
25.489190012129136,111.59693025970387,69.4183954046329,7.673951833308512,99.0,69.61987300101809,34,low_risk
21.406341314606568,112.14531674003655,74.70628570043732,7.571331778813892,98.12023418395069,69.40576465280884,17,low_risk
19.085655016880633,111.40847120629444,75.17012227176573,8.219661589805225,97.86072918182902,74.96292595111534,27,low_risk
17.333456889365735,144.46403272467077,115.93407864370836,12.65963350375872,101.55368159631836,94.35326596656817,21,high_risk
36.575866769347634,149.61016206780724,99.90147542429682,12.472162246614973,101.35550911133852,93.99750863347053,7,high_risk
17.333456889365735,167.14296913451625,96.90316206327651,11.451574362301944,99.61730551057494,106.27543152149421,6,high_risk
22.930846199598513,117.79238490754702,74.98065729511954,6.842153155218672,98.41348762196043,83.23491052429625,14,low_risk
36.575866769347634,159.97993671962286,96.4713584348791,16.356626714906145,99.66452548795658,104.12537858625545,30,high_risk
28.580772880110928,117.3213243405838,75.61487251808835,6.301645412892814,98.27153638451773,75.5014640335409,7,low_risk
25.93514364716299,116.74223137631027,80.0,7.684821713641243,97.72229764160197,65.0,12,low_risk
17.333456889365735,163.8613762621505,112.38149224370295,15.782478093043977,102.12728452911729,109.97148688370635,19,high_risk
22.14861686929134,101.19365359508356,68.22818665883509,7.320275778848238,98.20494663161801,82.41275392836576,25,low_risk
36.575866769347634,185.0,95.92330944928753,16.776309608167544,99.2894758141091,85.0,12,high_risk
18.57006706175509,120.0,69.76183035690458,6.72003569597884,98.81355242196969,66.45914901591821,20,low_risk
36.575866769347634,157.5209570122103,111.13609594912603,13.257433197522793,99.0,103.85495793050204,15,high_risk
31.870862705544088,139.0,83.30624110435896,9.922809255100889,99.31946707181585,91.19666252657962,15,mid_risk
32.021363369772814,109.79905352911187,77.72502656438641,7.103621328284704,97.92383690573021,72.00583921063873,39,low_risk
25.119024557982982,112.93114410315387,79.68657271182364,7.061358313525392,98.14025407215445,69.08149400956131,23,low_risk
25.51688472790091,102.02504807178596,75.25736804470256,8.45876360347946,97.5,82.18395884944935,32,low_risk
29.788704219531514,130.82376599778294,87.30166596557447,11.0,99.80216695488495,94.0412974868733,13,mid_risk
22.228361618957383,114.81264553645015,69.75785682904592,6.950939826621979,98.33235092574287,73.78408737905087,7,low_risk
22.60249990818491,113.954777899493,71.87881833300978,7.87666815038034,98.24107069897946,73.93313674748528,19,low_risk
22.880959184931847,109.67093908875263,69.99980717801176,6.619172544893853,98.43380739032614,76.83417212171875,15,low_risk
17.333456889365735,167.37024323723503,104.32607808670078,18.398941231403327,100.1884867138606,91.99658679113841,18,high_risk
17.333456889365735,153.10198182813934,101.80066184774462,12.518975101790247,100.29322856934287,87.03811172684459,33,high_risk
25.274251899224108,109.07253155112578,76.31592397633793,7.305321737747159,98.7375358038567,67.36953299923265,18,low_risk
34.112161558863086,128.35009222751947,89.0,9.623345930528645,98.0,72.3665465906314,6,mid_risk
34.8090323625531,139.0,84.63006749396982,7.5,99.69973868295916,90.88269962602006,22,mid_risk
25.2744556694349,128.22508409761005,89.0,7.854141799237703,98.0,87.19520964041887,35,mid_risk
37.221300234101896,121.73240207279684,89.0,7.5,99.30040709958575,80.03292608650189,9,mid_risk
36.575866769347634,140.0,110.21347662020679,13.126350286870906,99.3043753258071,88.58927261459743,37,high_risk
36.575866769347634,150.6792541790648,98.84474510520833,14.708359079928655,101.32913302463288,85.0,23,high_risk
36.575866769347634,164.56655389946908,103.44757553253575,14.612465008501626,102.19682890616262,87.98543426351199,19,high_risk
25.683461752511768,111.88774746132462,75.4187551183075,7.707481723537757,98.22081546462002,84.09507429333223,14,low_risk
34.99058244358061,131.83343327529195,82.37787636921801,8.959888064769775,100.5,79.8936893550662,32,mid_risk
33.185259198043795,136.0805521647489,82.92930965524984,9.325325753564169,98.6425071884374,81.53833897650331,29,mid_risk
25.522962309144365,120.0,73.01766708285952,7.147145253582556,98.6896546237258,78.03613487653732,13,low_risk
36.46684943742835,127.4788933141689,80.0,7.5,98.0,79.16486932503861,19,mid_risk
17.333456889365735,172.8454862821884,93.00637751336326,10.5,101.35945671685262,108.96875585764471,10,high_risk
34.702335038607146,120.0,84.25697948613815,9.1383462378226,98.0,80.33510818330846,33,mid_risk
25.74643649262543,104.45453284651231,75.03901253676656,8.199211150574119,97.65062347841815,75.31712476951745,30,low_risk
33.8798878320308,130.97733409892888,80.0,9.333763597623491,99.33804939519271,94.09319765100436,14,mid_risk
28.60785257738263,122.30168571354976,89.0,9.76315684158834,99.82661617354938,94.28581827453995,14,mid_risk
17.333456889365735,145.1733150845207,110.42737189122315,11.827674454195034,99.59366401873629,85.0,15,high_risk
36.575866769347634,152.80602795481252,107.21629855571953,18.725859121840088,100.38981188580475,98.32230965896991,22,high_risk
32.34986770165942,128.3361058364278,89.0,11.0,99.01635186159703,75.3391639394683,29,mid_risk
17.333456889365735,156.17518829810317,105.51235495415563,15.221868903708835,99.90637002220652,103.5234129991034,10,high_risk
21.9306097484478,118.4802883942879,69.45158291509082,6.542688366692663,98.69587018724714,65.0,18,low_risk
22.291353153951555,112.37007909908783,72.63003459085348,6.053015669608946,98.87732440237086,66.73929434088552,14,low_risk
38.02263963868147,128.01972663590016,80.0,11.0,99.26325621456706,87.82578454037484,37,mid_risk
17.333456889365735,143.57892431077738,100.8513123522025,15.857459885651807,99.64858001871612,109.91822521822013,34,high_risk
25.80439618685987,105.30085336030804,79.9738143093847,7.288161179032013,98.62078570373274,68.2848158963217,8,low_risk
30.75578872626804,125.6532810828901,84.17936367717805,7.6792697110983905,99.60692043483793,83.5607309535878,37,mid_risk
23.768887060187996,105.3312522583778,70.62532990604724,8.089176461061921,98.60229417298912,77.63342035196433,23,low_risk
22.091451296700527,120.0,79.85099354598302,6.367278869726519,98.58082713530388,77.8628365250845,35,low_risk
28.627110001235188,122.72403433345906,89.0,9.949021333171991,100.5,84.23338335393356,20,mid_risk
27.49647926820862,107.59245053921171,78.75724638529043,6.966991837019306,98.59023537437145,77.52242378064899,6,low_risk
26.968570049353772,134.93419732147692,88.88702934547536,7.5,100.5,85.45917526366995,15,mid_risk
25.387983859970873,116.76558807773097,72.60558302924622,7.543203766980284,98.48931236530215,75.20198101641962,14,low_risk
17.333456889365735,140.68363585288347,90.0,12.661290788050668,99.68496906077564,89.62850719689148,14,high_risk
25.96784908626414,115.23253595467821,76.74441917658682,6.712191376643922,98.40351346195926,75.05297494095844,22,low_risk
25.58685474573329,107.02901785131853,80.0,7.179269625627622,98.83260563451991,65.0,13,low_risk
21.736758860138245,118.43504402385881,76.91013283542364,7.3345408467211755,97.89056578056136,71.06911102947193,20,low_risk
21.29227811368767,105.14986531519897,77.14764792110905,7.213578511606122,98.9010162924117,85.30747159856638,16,low_risk
17.333456889365735,158.31647762143845,106.41870967105999,10.5,99.96081714632155,85.0,34,high_risk
26.77705324594416,112.58789892082537,80.0,7.50008581986833,98.33269634620498,68.19334440165193,7,low_risk
23.426644750690556,120.0,76.84880178599323,7.575968182357843,97.5,80.44644268409371,19,low_risk
26.775277712584913,112.53044131775108,68.34692332531237,6.907035694529073,97.74919803165331,68.66067861962841,21,low_risk
25.665808832852225,118.2346707245216,69.17647287124643,7.19513207903295,98.68839878116226,80.05082233844152,33,low_risk
36.575866769347634,150.36377168400833,90.91134169416665,17.032565037806016,99.71389396940268,99.72207971985685,27,high_risk
28.25406886947868,112.1920248943946,68.8373804823623,7.285829261927372,98.12305969030649,81.05508337873003,22,low_risk
24.47942778252926,108.82568393592223,64.36163710327195,7.832391462709726,98.61611517761429,83.73318055123781,22,low_risk
20.57389636503332,114.21785315318856,72.12588971689097,7.409157071916589,98.85129591330754,73.20286832832267,32,low_risk
17.333456889365735,155.21826276756892,96.61678866481539,12.638701041259438,100.30908906941221,102.23416043977183,21,high_risk
34.177913881698636,129.04594676729704,80.0,10.771199821427619,100.5,94.67270169178207,32,mid_risk
26.577808569513188,102.5128557878072,67.98925236961955,7.081846915201867,98.38831343765841,73.74619803569595,22,low_risk
20.07654273426418,107.4794927779229,75.98963524973405,7.7097671931097285,98.13638429004455,80.5297525968518,9,low_risk
25.240920839764104,112.71748221048492,72.99254233026241,7.195773008711667,98.38404224649932,72.92446721812895,17,low_risk
18.35391975092416,111.50136656422784,70.70875793833076,6.292869948262072,98.10033130935871,76.05273065579243,25,low_risk
23.112272536842266,107.29061012150656,80.0,7.4134013691379375,99.0,65.0219091087515,26,low_risk
27.97305637609086,113.16841716831264,77.47601450041999,7.526532211404208,98.15846468100273,82.98436091551562,22,low_risk
36.575866769347634,155.615952838082,104.76758339815498,13.500572354632407,99.43745053081592,104.58156560953974,19,high_risk
36.575866769347634,158.24908128057754,95.52082223757417,12.792778964292552,99.0,103.76208624599656,18,high_risk
40.0,120.0,86.25374656398635,7.5,98.05262752211442,82.25283620220564,20,mid_risk
20.143245548849073,111.7861511062151,80.0,7.267884274231814,98.39632705864595,82.93604001670676,14,low_risk
32.12399656738393,126.66585895300412,80.0,11.0,98.92592830869016,92.3998601669264,40,mid_risk
17.0,129.25012993295599,89.0,9.4287422487256,99.14445274521654,90.32453758300241,21,mid_risk
21.566211172752233,120.0,87.02758115492117,7.5,99.02591821137655,81.70862024275162,22,mid_risk
36.06130028892707,130.00115558186044,89.0,8.531335293572548,98.21732098780969,75.16514015505341,10,mid_risk
17.333456889365735,155.89997270391856,99.62634802391601,13.514821868694304,100.08051435682036,91.89021315102929,39,high_risk
24.849461190300605,115.3336267960207,77.67810998622873,6.85199020040779,98.55783199419369,77.17046155253561,23,low_risk
26.15667457563127,116.02288370344728,72.57807675196746,7.033473446210669,99.0,88.0,32,low_risk
20.017044885152046,104.21900831226492,73.32751607799133,6.0,98.16348608447925,81.41037218284164,31,low_risk
31.453107489249007,120.0,84.8164961578862,9.81539111528834,100.5,75.35124842977504,25,mid_risk
24.123597884764543,108.09998451505925,80.0,6.553992523517392,98.25018633969991,79.3428257104209,21,low_risk
18.897899316301043,114.55532323715822,73.44245586428528,7.50609448134911,98.15954937893247,78.70093380367989,12,low_risk
27.251876946762284,101.01620261886126,80.0,6.545024896704539,97.84719297252303,78.1945599165575,15,low_risk
29.876407216883635,123.59207687324972,89.0,7.5,100.21201138725736,98.0,12,mid_risk
36.575866769347634,141.92944986170733,97.46007301106094,13.249057841318555,101.35785011137486,104.5500313461945,34,high_risk
23.90910572100932,109.77993382070723,76.35022093684101,6.385489476094839,97.70282098780534,72.76725817253974,19,low_risk
31.092119425632102,114.24433941908543,70.93881632746125,6.931065230219911,98.26796392331943,77.81124028432608,22,low_risk
28.497775311344178,120.0,82.32206306639873,7.5,99.36567694427389,80.74286504030545,21,mid_risk
28.03003084018922,113.1429980786744,71.1482431679316,6.910940417343915,98.49976707507402,75.51359736738749,40,low_risk
33.29670497534556,135.27387153746378,86.82646336401882,9.97830059592267,98.0,97.949344369669,6,mid_risk
24.063452172203277,104.74215388785277,69.87294735010522,6.01864611455035,97.89030715236929,65.0,12,low_risk
17.333456889365735,140.0,101.47054506696098,10.5,99.41564920693149,86.38786187218156,16,high_risk
25.77635997159323,114.798150246678,71.33915718436405,7.221339644419796,97.96038209937805,76.23133101270591,11,low_risk
24.18781845582803,107.22384485917907,72.31872630659464,7.275760641740441,98.5875912312594,85.43438926162196,19,low_risk
22.138785162960126,106.6750469331874,70.28757883730808,7.540861923077188,98.64008518629771,74.53582988697319,6,low_risk
18.0411448848876,114.98645853454836,79.97296110256866,6.717630951163511,99.0,65.0,24,low_risk
27.11921671166113,111.03920322660015,71.06734365218033,6.309566001045399,98.88957950125841,81.34034639485276,22,low_risk
27.01994911592183,108.61451440805567,74.21757334321732,6.0147073372697175,98.70034911176054,81.74796364888012,22,low_risk
29.82603586603343,111.38047143910572,80.0,6.229971975031192,98.41501673659474,84.19833647112662,38,low_risk
32.470200096062,127.74014920046491,83.32888752705051,7.66650793609491,100.5,81.48230751650934,15,mid_risk
18.0,116.91266586252917,72.19980365621508,6.889048416683279,98.457370626743,82.31326693574235,27,low_risk
29.085987837968162,133.23219179385185,84.14876617226577,7.5,99.34012355253319,81.12128060664908,27,mid_risk
38.559034337647525,138.92292515712927,84.23286745512418,7.5,99.53891663082655,84.44238464705742,26,mid_risk
29.87644567465538,131.2389255437089,80.0,9.285731029328241,100.28696623907533,91.72173487971266,15,mid_risk
20.509111913750807,115.7332428642604,68.86815396167054,7.527472028119414,97.80259608869875,67.23699460348908,10,low_risk
30.933163282563694,136.24307755111195,85.52664666851003,7.5,99.02969406727149,92.4940261082434,16,mid_risk
36.575866769347634,152.92319930935614,92.97211312401403,15.44085091979189,99.2347129663279,97.70932140351184,16,high_risk
36.575866769347634,165.60856313038215,97.8795690319872,14.581110328693738,102.92335659448331,103.79540113241899,28,high_risk
30.98711523846291,129.28892767084943,84.67055846845425,9.476002603670688,98.78452695129509,70.0,18,mid_risk
25.79623878229388,120.0,72.7191012375231,6.7313061731213315,97.8118041795075,73.96413287717104,18,low_risk
22.81256423503843,120.0,76.27952097585352,7.163354597188574,98.03103480606242,84.03595953688,13,low_risk
30.991480168572267,125.63222565430192,85.5015293542167,7.5,99.65329995939285,76.00578637180672,12,mid_risk
36.575866769347634,157.7643982894493,91.51828346551125,18.19571537244607,101.96126891600838,107.14208994398929,18,high_risk
36.575866769347634,160.5308817173586,95.68452922783116,12.517050458602416,101.91432662167868,113.24867044409824,16,high_risk
28.58595002478727,139.0,88.99627796369478,9.209471959230981,98.0134013456817,71.94237330423192,36,mid_risk
30.221915228617316,116.42106338255459,80.0,6.604982001935814,98.13732426174904,75.86885951534725,25,low_risk
28.218014963396975,127.77135398711141,89.0,8.084756140182963,98.66585227624543,70.0,29,mid_risk
26.84500322053016,139.0,80.07249299815389,9.936369761050607,99.77701446420522,81.67168368423808,26,mid_risk
29.442331919032462,120.0,88.36455863016931,8.746317927501735,99.18503400377838,80.89122359651726,38,mid_risk
29.63731921345699,109.65010859546925,77.56161079790081,7.333891832848618,97.7014133097684,81.78861936581467,33,low_risk
31.081661089498343,122.45935058087628,84.48851040277306,10.154599296332137,100.5,80.88140882911418,18,mid_risk
26.11987450527928,116.76093232331328,72.49570126429587,7.3659604593067085,98.81544242768354,87.60015848628615,30,low_risk
27.58150379834059,120.0,74.45876242224186,7.094772926460786,98.32896160209651,81.6163370076161,21,low_risk
22.29794468024826,128.6778395080011,89.0,9.25397267156903,98.5265816738569,87.20222823280653,38,mid_risk
29.150159777031597,112.95913835198441,69.68058519705117,6.807660967004654,98.8499730181213,88.0,31,low_risk
36.575866769347634,160.1946932920761,90.0,17.5499571605707,100.0643846150252,85.0,7,high_risk
28.622509241626407,129.7907213822659,80.1782030234359,10.742054172269576,99.63759657990211,78.11785096856546,24,mid_risk
32.52809798590013,110.15179429488555,76.45603832705999,6.54472727979086,98.02401286833998,67.90044617283236,25,low_risk
34.86355196461087,120.0,85.68306956283453,9.085456924239578,99.67297182769336,90.94690849205531,8,mid_risk
23.80592490937859,134.78064254567343,85.8194197562568,8.548290963094589,99.92513966992084,84.94207681124682,11,mid_risk
17.333456889365735,154.61268862111126,102.13344415338118,12.161078265192936,99.16529786251688,86.86460438851674,34,high_risk
20.689020888282776,114.51719466344217,80.0,8.068383419635085,98.56633473451443,70.53707977881088,9,low_risk
17.333456889365735,168.47555616707814,96.78583589643803,14.755200961883268,100.0286710223677,90.31990764956534,12,high_risk
28.41366223512123,104.0411672301335,75.69343658960845,7.975647173710924,98.57536507979866,74.51271928552802,33,low_risk
17.333456889365735,179.08876109698505,96.33250248217476,14.786304269147253,101.34166911162727,103.59613311137444,14,high_risk
29.61417612394368,124.39876064125818,80.0,9.421273490428097,100.11573198739899,82.35443083645781,16,mid_risk
24.711959513678664,105.60931802154776,69.02092302604885,6.970309686232219,98.41255834621312,88.0,13,low_risk
38.17191599323882,129.08586434069682,80.0,9.597344061231706,100.07733670999691,73.57754776732502,26,mid_risk
17.333456889365735,146.46733983206286,100.21305923493154,17.53124441734752,100.23831506527604,104.86859257327202,14,high_risk
22.82246910189927,119.2785861998751,78.60900750988625,6.137358868147146,99.0,73.58027324853437,18,low_risk
31.55646722177627,117.15752732187882,73.38971433939362,8.181478683681489,98.78774772096322,72.23547559344176,6,low_risk
17.333456889365735,146.80764811316175,90.0,12.661321347902906,100.5143262136408,93.00991494904268,27,high_risk
26.039531176993695,109.80807069212734,68.55183481328805,6.964168345763159,98.76318492545083,70.5831464382232,16,low_risk
21.55834653886419,110.14474553770081,72.28725399571117,6.925420050397431,97.97774420408057,81.85858826318841,37,low_risk
23.2410757669033,111.17576926960362,76.24736956416153,8.231424367705092,98.97677696078105,79.58522623536837,25,low_risk
34.363797281170484,125.83498602767794,89.0,11.0,100.16039236541899,95.87996216449957,6,mid_risk
29.581277823090492,126.96876280983692,85.39569647566414,9.931619090281286,99.01938138182736,88.77483910561197,16,mid_risk
22.992971825661854,109.97748417329177,70.87161356251895,6.961465340704967,99.0,76.50456632950117,23,low_risk
40.0,133.78554380822987,84.08910920677711,7.5,99.15839137534637,82.71844420246573,26,mid_risk
17.333456889365735,146.13283405515793,99.22271932579403,11.968374946307243,101.3715584548321,94.4615731933992,36,high_risk
17.333456889365735,168.24746918141457,105.48423611129122,13.86242506482976,99.34010103792615,109.64787324826167,40,high_risk
36.575866769347634,140.0,96.88546783322847,15.658209064164065,101.45743318508057,103.68032012588401,40,high_risk
22.175118142499514,120.0,80.0,7.5,98.80800804089498,83.45632917946638,37,mid_risk
21.974597018862788,116.7996514116523,65.72556281885852,6.262179416057248,97.5,79.68966783418827,22,low_risk
36.575866769347634,140.0,99.08070658840539,14.23131032634262,103.5,105.54582396906287,13,high_risk
17.333456889365735,165.44804268308388,119.12857399755886,13.380531171914717,101.40585446672097,108.26475920408194,31,high_risk
31.661897777850307,108.15111042866229,74.92355237390542,7.728688032488021,98.14874250433233,75.86538368811657,14,low_risk
21.824012450078754,128.32264320711315,88.51126592056383,8.64220982561293,99.0196454980664,87.12868336853633,18,mid_risk
36.575866769347634,153.22342014679037,90.0,12.92601454900232,100.40917130061321,116.24439320417534,33,high_risk
36.575866769347634,151.3447442278583,105.36110239038376,15.65356143131139,99.71592024620617,95.20939853782791,10,high_risk
29.88222299889623,139.0,89.0,8.45777386390761,98.56564199761112,84.56198755295381,17,mid_risk
24.56495940617257,117.29865866288296,68.48853925081788,8.135273510698136,98.42475334115485,68.6429238531239,26,low_risk
19.37335561260711,107.5305841311613,64.71049274300856,6.483486359344626,98.00943998053448,78.39258258654888,22,low_risk
17.333456889365735,169.41165150487893,90.425407567883,11.194309106590993,101.1982007846866,96.92768328687153,37,high_risk
30.960571335393343,127.1578350753656,80.24662303131262,10.755506340918323,99.14285628301,97.16811953073918,24,mid_risk
25.1520139126728,116.07623969773903,73.0103113550766,7.1854602996781844,98.82860637423242,69.67177327020448,39,low_risk
23.97049385030662,101.64515962725642,80.0,7.367450315007111,97.74643081637629,71.35022305561608,31,low_risk
32.97222802002057,120.0,87.16479291203386,7.5,99.77448063109922,77.70753155728656,10,mid_risk
38.933777244151614,130.96247302180487,88.59547593250909,11.0,99.74765978002868,72.21349452168135,38,mid_risk
17.333456889365735,159.9226692607814,92.90880815155623,12.840530670790635,100.89343894299093,98.21971217183949,14,high_risk
33.55149289310518,139.0,80.0,9.709034967050338,99.99998085514706,70.55545396811837,34,mid_risk
25.425720910767588,108.74395720159588,65.24085596624141,7.565343213752779,97.82549845402876,68.28400176090103,27,low_risk
27.76057596684445,110.91712051845624,76.04303653850884,8.17778527866768,98.32390366223471,80.60487606732478,24,low_risk
36.575866769347634,151.41977979827195,96.05048621646577,12.374015922421552,101.11341305571999,97.10588371637773,9,high_risk
31.51358649251415,100.48196106281407,67.25976444029916,8.5,98.54417667051712,80.8514260413407,27,low_risk
23.80397059813653,111.1354746656703,78.98429386732904,7.492536178252031,98.8148635594633,79.7141976795312,20,low_risk
26.502792073382686,114.35990703636624,77.03425296607836,6.462933701240543,98.22389631824545,74.89883096705708,7,low_risk
30.467497069778098,115.69220490407832,80.0,7.907107613879054,98.1999208731616,65.0,38,low_risk
18.0,104.07986493267576,72.05739612408496,7.13923156877908,98.15534650532219,80.93239646819517,27,low_risk
24.264066654589282,109.66888928146669,69.06063329549626,7.508437531454866,97.91407754564455,76.1465910410682,40,low_risk
28.725120476464795,106.60919210925377,76.67314543061218,7.508168678538658,97.95138794102999,81.8707468339993,35,low_risk
19.840156401035784,109.1569639175745,76.36735949517615,7.287501882129231,98.264096396941,72.20036377173837,20,low_risk
27.989174420493047,106.73210447946063,75.74900012283953,7.476162974989382,98.74315953011654,78.3843821407554,40,low_risk
23.545551151144576,110.83055031788392,70.32348269659023,7.264466624604536,98.62237658065834,75.64941928601507,33,low_risk
32.5614715525213,123.9213398679856,85.84568556691666,11.0,99.1910406628322,86.85376800171353,40,mid_risk
31.37274650655759,119.86185247671764,73.30301399668383,7.796668425305344,99.0,67.9164764945119,40,low_risk
28.069738916611634,114.51411405619628,80.0,8.425245624086246,98.59510992843374,67.92874197514838,6,low_risk
38.84895366418556,134.17783946786633,80.0,10.376440734150323,98.9172407770001,77.87519680918291,36,mid_risk
23.15089884517983,110.17764382734,68.87123658179861,6.62030596597775,99.0,77.94794941301511,12,low_risk
30.520365416589804,102.98151818944109,73.82087210646769,7.643508296820941,98.05558013113378,82.72899527109956,35,low_risk
21.698011212829954,113.05864933166335,80.0,7.715750923406134,98.19498635574139,84.58691270657044,9,low_risk
30.82251295021753,123.8828575351903,84.36707373416456,7.901016814159528,98.01458572082113,70.0,26,mid_risk
29.22848890487566,110.2583527348681,71.17612997914529,7.327256011844505,98.3911860543983,69.19587888439025,27,low_risk
36.575866769347634,141.51226961278252,95.01548970428965,12.063667781623916,101.71813664087634,85.0,29,high_risk
32.54474360484212,108.7225333104851,70.97627667730893,6.362526478684509,97.98801109008923,88.0,22,low_risk
24.146211393152612,107.63198235262519,71.3043864842551,7.243367379230573,98.41361183453868,86.44564891958194,37,low_risk
28.40088696845397,117.09461266445886,68.66882534050387,6.569626006903319,98.9346629431036,73.15812725409285,17,low_risk
22.352854140926446,102.84606211257943,80.0,8.354067476894972,98.47196574781857,78.4136084632078,29,low_risk
27.60556500522319,106.8968772747442,67.00346912599029,7.661303805581338,98.55972704068766,79.59461999118157,37,low_risk
24.30771270286452,111.49937218125784,69.94499568185577,6.561467995909591,98.63629773420413,76.26437540443959,17,low_risk
17.333456889365735,140.0,106.32672672617728,16.087112758472685,99.42734974140166,101.88997945484412,6,high_risk
32.15729978863608,135.9183947674201,80.0,8.325973762673959,98.85126645323719,71.78996925527984,24,mid_risk
19.893005696718763,112.91412923220233,75.69011740550854,6.841399390047086,98.45579911845898,66.86599409030953,26,low_risk
25.31454076126436,109.12697526394957,69.13310580986483,6.0,97.94266440356647,71.06700635986356,21,low_risk
36.575866769347634,159.72918775963137,101.74713936187942,14.084879996622064,101.01272485764756,87.46806905337031,27,high_risk
38.23115475904953,120.0,87.95695318349458,9.394165444055169,98.70758732000509,71.59935359630589,26,mid_risk
36.575866769347634,148.4680740381859,90.49251724194075,11.350343827123513,100.61106128494082,85.0,9,high_risk
25.928199749430544,105.94161577174037,68.51348736183579,6.580826854743339,99.0,83.968996323744,9,low_risk
27.282394674372636,113.16764473142345,79.76950367127874,6.552158207234491,98.15418448652356,68.9909330328988,40,low_risk
25.182287359615255,120.0,76.81440430087177,8.5,97.97758768001334,70.68375851812974,32,low_risk
24.01702774365622,111.46982224476798,76.16131475317077,7.703798318658714,98.70420244783367,71.75468628823536,11,low_risk
37.27621320410232,131.52118288559808,80.0,8.201570290228366,99.32977969070254,98.0,34,mid_risk
36.575866769347634,164.50297190504946,92.25704041638515,17.152794628554574,103.13276018853016,98.6541721286859,14,high_risk
29.09507066992839,130.36339301600609,86.74864092746694,9.041265984772684,98.50975258911352,91.18198670163767,39,mid_risk
20.155935200950175,116.56033578213761,69.0885298287266,7.783860936609043,98.48419851956861,74.40644420042553,22,low_risk
36.575866769347634,153.2569517389718,95.42203903224672,14.856035529445608,99.93510230118262,107.19907225574639,27,high_risk
30.422551435219802,117.51492504166,79.35305279989593,6.196263659213056,98.78812648071532,65.64537325112457,25,low_risk
28.764884631813654,135.10328709001402,81.47370284381418,9.526117399155503,99.8234403781858,82.47567949682913,14,mid_risk
17.0,126.27801713523687,86.76934724902293,8.852831149074172,100.1118433730004,73.55918726200217,15,mid_risk
25.361158504521484,137.4158349083879,80.0,9.671487847925158,99.79071875924843,80.74296498081796,29,mid_risk
28.98506727778856,111.96642388702573,67.64969455643984,7.162411066726907,99.0,78.84780091340075,12,low_risk
36.575866769347634,162.47526812630628,95.19957676384983,12.202285149949494,99.0,85.93863859467301,23,high_risk
23.08330304861884,111.84983824752914,68.93052023853731,6.603682395099089,98.2779244618077,74.88941410347269,25,low_risk
30.3580919635514,121.2214877771909,89.0,9.782086479819323,98.19388364976076,95.5179221185705,33,mid_risk
22.19178762449059,114.6216290184781,73.78588309344212,7.787333735134068,97.84321664761931,75.13804282061729,11,low_risk
23.98009113031658,107.27329748855057,72.05038146720277,7.357240085452036,98.6775692932765,69.46953258596292,28,low_risk
34.393671390238325,126.70656058228404,87.30855683877,8.310061583722772,98.65908075835863,97.83752503904826,36,mid_risk
36.575866769347634,161.41016252455,109.92131005727792,14.770448594549178,100.43820853320376,105.91886333228238,24,high_risk
25.45406938100499,112.84531748146722,78.37258537066262,7.717334107132187,98.14356749338467,79.47357189142741,7,low_risk
25.289389523235954,133.66503888396224,89.0,8.984499434570175,99.69186477414216,83.19822129311247,27,mid_risk
33.50855028988546,133.59852578484012,89.0,7.5,99.14850190718876,86.27269220675093,26,mid_risk
21.69107622579071,110.48587898724227,74.97053815476679,7.339105255280909,98.2900618797321,77.2201567599926,37,low_risk
31.10885391220693,120.0,89.0,8.759071358812546,99.04721135321762,74.50916886464091,19,mid_risk
29.40792447641936,129.91644989794705,80.97787942135331,9.05197513690934,99.12253447996787,77.9955031965339,24,mid_risk
28.0362469080146,132.85893668564628,80.0,9.881555453447232,99.05542216785457,80.72771176544934,15,mid_risk
37.12359415158524,132.99532111146019,85.5294186782921,9.376421394549343,98.74184864765763,86.08287988873774,16,mid_risk
34.82120055964358,105.56885660175907,80.0,7.974764303409527,98.00225797374766,75.61752828697621,26,low_risk
22.19203324877298,108.51968055177974,71.37716493116474,7.082580881311859,98.24021380381086,70.54186126955,33,low_risk
17.333456889365735,140.0,105.15531068747734,15.837089307532239,99.58011463490584,100.50866113698167,7,high_risk
22.697448695048905,102.35464081378615,72.80944781843974,6.4878039670165535,98.41177223667103,77.74827390889567,26,low_risk
18.0,111.90814090496202,77.25760995669754,6.928830376852874,98.2077408234047,81.39015741008191,15,low_risk
24.53740687044704,111.96357453076064,72.91491474787814,7.354319382213556,98.33184569384473,79.03334711929004,12,low_risk
33.76182250323991,110.7440579370888,69.69456044913215,7.915139600648144,98.12654628708545,82.59090925631091,39,low_risk
19.489322528171634,115.39305787378926,75.24654297820864,6.851611018467629,99.0,66.96084845176532,22,low_risk
23.626943543199133,120.0,89.0,7.913258771317752,99.48606071266344,96.46619656501503,8,mid_risk
22.292311998776164,110.95024145982755,80.0,6.469630384667712,98.53666409278105,81.75289783880604,8,low_risk
21.812418978118092,107.48818400956708,63.75029360711261,6.283699286046212,97.73153209100238,84.39536770042696,29,low_risk
26.446544100190536,108.3429267870443,78.29225558328332,6.961392183831237,98.3917757770598,81.74382893556118,17,low_risk
36.575866769347634,140.0,100.79423067772703,13.39746845502028,99.31929373384708,100.0933540625881,19,high_risk
35.587903661228125,121.23013070242794,89.0,8.418755522719833,100.26236758293678,78.46075940476082,7,mid_risk
17.333456889365735,140.0,106.59686538986588,12.49278948783516,101.91101900485266,92.0486079810741,27,high_risk
27.715325804326284,124.1346136406007,89.0,9.858489778347376,98.6995874746544,80.98262794517937,23,mid_risk
27.63491166364523,128.69821975161773,80.0,7.633939384867689,98.03526806442736,84.59359905253508,8,mid_risk
26.92988966097274,108.50153536858637,77.65935352144147,7.656507992586887,98.54700416421625,67.96318135025346,19,low_risk
23.7117539351773,120.0,78.70655290383742,7.102725614712085,98.69157647782819,67.46662210296276,27,low_risk
21.732257316051054,102.14086713307499,71.97801288408019,7.0623706008867195,98.83672213562987,71.57357977189096,28,low_risk
24.84177938457338,112.00124238950919,80.0,7.139714567656977,99.0,76.07301809369743,40,low_risk
20.75078514509558,120.0,74.98646132815603,6.0937238499115525,98.5570536462604,72.9089746054479,8,low_risk
24.121312448649952,120.0,75.86052736303431,7.078485463761102,98.0025641937624,83.90918240340415,7,low_risk
28.204334888514612,120.0,82.72265789320336,9.103822522168711,99.72018520755964,98.0,22,mid_risk
17.333456889365735,143.91691655072898,93.22858806234042,11.734062690518659,99.38424286883703,94.41473747244319,30,high_risk
21.566568879275145,115.95547401059443,79.93367310088665,7.594657905690225,98.19253331215153,84.07942997566178,6,low_risk
20.481172581369528,112.6901564748845,74.78486480484217,6.941814408027215,99.0,73.27665150308123,11,low_risk
26.696663785607665,111.51086396139013,62.91590580322968,7.678021156242446,98.78557016922224,70.9943719415922,10,low_risk
20.933509638168495,120.0,80.19216565774717,9.309231327907959,99.23345547831627,79.33751359202655,7,mid_risk
24.809154575432082,117.35558402979585,73.6790791935559,7.48404444942748,98.55716540421929,80.36076427841083,10,low_risk
17.333456889365735,155.7058184020107,92.26767395447418,10.5,101.74361238078045,106.91579013095746,40,high_risk
26.65112370774599,117.56704076848743,67.16431096769877,7.144893141399027,98.78944889977114,71.9189591419123,34,low_risk
32.061816961124386,118.14437515486877,75.9316165890578,8.18602689348272,98.72774930725576,75.60130614814327,16,low_risk
26.33498540443817,139.0,80.0,8.256904036068173,100.5,88.49207305536049,8,mid_risk
26.466392984387394,105.99801205236655,74.42604724816951,7.858380112526225,97.86009077224752,81.98235613872185,37,low_risk
28.63489391292036,137.05166237076284,87.02333092367664,8.801760845730533,99.77784438702619,86.26370158202369,25,mid_risk
22.791107822876114,110.0282891455061,76.2908405739435,7.61181213300872,98.27960787504271,65.0,13,low_risk
36.11862021252361,139.0,82.763685637511,7.631405996910154,99.61783747329328,73.16553803053289,40,mid_risk
31.21556674141858,138.05667913684277,80.0,10.082699222110374,99.06011069145866,76.94442360313121,39,mid_risk
26.044221088719556,117.60591946743564,75.05641846139736,6.922236292784845,97.95129955885766,83.63628840382759,29,low_risk
17.333456889365735,151.48200135260902,108.01329236378668,13.615189469589705,99.0,114.10087102681545,12,high_risk
23.763311506125444,107.08445284167101,79.30685482436567,7.019720430767578,98.4546986589597,65.6439362879994,36,low_risk
28.930763935782057,115.09706972268975,67.72538665998854,6.853247533900374,98.9648107514173,88.0,7,low_risk
36.575866769347634,140.0,90.0,15.47309988415748,101.98840843353662,110.408892275363,33,high_risk
35.81614877570389,120.0,88.35638564229194,7.5,99.7537879083746,91.67472176925685,24,mid_risk
36.575866769347634,160.3319980842087,96.00311350135816,10.5,100.27172117673999,85.0,29,high_risk
23.62914193389292,115.24877636922872,70.82318805587185,7.977637837068838,98.49933005700636,67.87747195174146,15,low_risk
31.00942820838411,104.92576125304119,78.38023396264897,6.912744857086987,98.67517318882058,76.09674872740284,23,low_risk
18.0,112.38684648886073,80.0,6.797930879727461,98.48033803724628,73.05062836588642,31,low_risk
28.083460775547866,120.0,76.7652004292618,7.740319846398955,98.47735178076967,75.92620930415166,32,low_risk
30.86046438065915,134.06088749541047,88.12916986792999,9.75207424213067,99.30501509693721,81.19213180539822,6,mid_risk
36.575866769347634,144.11861558229347,93.61103487944537,16.50267364526271,99.0,89.81927111516028,32,high_risk
22.770032859968666,108.36483507544663,78.29007097651072,6.481220142469644,98.51648110205522,74.64703945999219,33,low_risk
23.214265541797886,110.59588084535811,67.5368732642387,6.68629809560295,98.65835616811036,82.5113335819698,19,low_risk
26.109092608122502,122.15300058789191,89.0,11.0,98.01754472752597,88.63939782452826,37,mid_risk
36.575866769347634,163.1556400726203,95.6590598769618,14.726111120856672,99.0,86.32187819897888,37,high_risk
17.333456889365735,140.0,98.10205783244308,13.454541551771618,99.0,88.0593875780362,20,high_risk
17.333456889365735,140.0,112.37145067032337,13.171623572085352,101.83698871016136,94.01881713268176,22,high_risk
35.0,107.38514590127622,69.47692812503116,6.846532720331324,98.00746962539301,81.23690249907001,32,low_risk
17.333456889365735,148.72103063032824,92.92138111698506,16.159346415407718,101.81102536928458,87.5105893855762,40,high_risk
25.107543355978123,116.1179107417402,66.01200415202284,7.620896869154829,98.24240532750275,70.01841024158723,15,low_risk
28.8016953527442,120.0,72.07489094143568,7.7347822121218535,97.86771794746764,73.61730801059288,27,low_risk
27.535676089272044,117.59554499123854,71.34514551094017,6.0,99.0,88.0,21,low_risk
36.575866769347634,140.0,90.0,13.188196881163162,101.16700389951232,97.49715674517817,26,high_risk
19.27943448815747,115.78487010732867,76.27370456070567,7.617700798295574,98.18083787831723,76.86595883035622,14,low_risk
30.23239334602394,136.98541557281345,88.08227874558122,9.093322417574822,99.7711303725271,71.28286447626121,29,mid_risk
17.333456889365735,157.50896070202845,90.0,12.2968059697691,99.0,90.67807489685701,17,high_risk
20.32528784952187,106.40039224556082,74.4099777820678,8.192170361095371,98.16421904002452,65.0,10,low_risk
19.479594167140434,113.20695793523704,72.85225672319827,6.770373938234496,98.87359497727876,70.44764645414226,18,low_risk
23.514236536016835,113.4354811846669,77.88013956921738,7.767521786210487,99.0,71.69690859566518,35,low_risk
26.61992684384382,115.5551616952071,72.97764389506939,7.416388734861477,98.5695557929776,73.85152332292408,19,low_risk
17.333456889365735,140.0,99.2733230784885,14.66978981418196,99.12928885512464,101.20228316648851,10,high_risk
26.754269076205464,120.0,87.58384585661695,8.039207844092184,99.55928647255232,81.56680405066717,22,mid_risk
17.333456889365735,160.9907208229632,95.16872220603972,16.40740951947765,101.472678613355,104.63228781972501,9,high_risk
23.431567387471368,117.69732481264793,78.24215441102642,8.165268513440624,98.35395612243072,76.1905567394887,26,low_risk
21.678953636497337,136.1093366869347,87.71444096765956,8.130665824184709,99.03265565242637,93.12362278539743,36,mid_risk
20.769156284176397,117.7402139007675,69.40656744256952,6.496659747938017,98.61537398288658,82.1135394405394,38,low_risk
36.575866769347634,145.86231612470783,90.0,12.119023255248203,99.024509727577,106.85399376295857,39,high_risk
17.333456889365735,177.90214360296045,96.00175211853905,10.999938399109558,102.08314146020082,85.0,14,high_risk
22.944532330653225,115.0834470979535,73.06551920919007,6.0,98.52798607645808,69.22090085668864,21,low_risk
29.035230052001165,120.0,89.0,8.91853532506127,98.65935931725721,82.70296115016103,27,mid_risk
29.35209444454009,120.0,89.0,9.386037712257398,98.77652358106454,76.04353300422757,20,mid_risk
25.456910594648157,110.81596947815605,65.71688396161113,7.710047599450532,98.58019828951122,72.529241626742,29,low_risk
33.30615255432161,124.39204853498872,84.82046361833402,8.344341015742375,99.34605039255628,92.68131117444486,21,mid_risk
17.333456889365735,175.23667527084396,90.0,13.527104360717466,100.62326216954442,119.7268092401892,8,high_risk
26.98685661204493,113.98528139328674,76.85306498609765,6.848443396009347,98.23049612719092,72.5818062224456,26,low_risk
24.57187856018177,116.03544220721639,78.66095782130192,7.496438351385312,98.14853827797018,73.51945737618135,35,low_risk
18.0,115.70203569746019,70.40445274275407,8.5,98.49224433950648,76.75875531436414,38,low_risk
22.50492415721678,101.34258860261008,67.25211894224233,7.27841401467863,98.61368314494987,68.8487517748525,33,low_risk
25.355073419553474,124.62296668741767,89.0,9.35534486383397,99.3723291221841,89.75613528936084,33,mid_risk
30.911576178966065,110.71934277441875,73.73439673491227,7.821652590627754,98.43378671455598,73.34041921109258,36,low_risk
38.957396701820684,123.89935917002592,89.0,10.07462956915263,99.87594291341247,76.57381359503864,39,mid_risk
28.48256120250782,129.9339264682606,83.76035685202787,10.392495701672086,98.38121297090505,78.47746210665711,15,mid_risk
20.557696618136685,96.81827486352202,66.66607404692161,7.410222129831803,98.47184890905278,76.12655648710353,19,low_risk
17.333456889365735,156.3750620536003,112.48049368431467,14.962701938910326,99.40433487809587,93.30460141628696,32,high_risk
17.333456889365735,152.46917594720483,111.41781660829587,16.58064370594607,101.81058452067123,85.11860101760226,9,high_risk
27.60929151365368,114.5103893253321,77.43532897929458,7.491710874937164,98.40079073790233,71.05232794140987,28,low_risk
32.73036585904134,120.0,80.0,9.294596615804204,100.30047260852193,80.49588644069865,17,mid_risk
27.831007741821903,112.35959578159797,72.92166181226183,6.907376776230754,99.0,88.0,29,low_risk
37.54724525201325,120.0,89.0,7.5,98.93747225201625,84.5540305750091,17,mid_risk
17.333456889365735,140.0,99.19963910055712,16.57075165936019,100.54021578153963,98.3713041324963,40,high_risk
26.43899020707328,130.4849378277292,87.33681261031316,7.5,99.97060350127123,76.5492522232062,24,mid_risk
21.089779020805796,110.94468512540598,60.0,6.002680931728957,98.65061534533478,77.69220531525606,15,low_risk
34.195592494477,112.53194554576862,66.25519737473263,7.685351561635632,97.95407112505904,67.76752487638231,35,low_risk
23.199738114083026,114.03090306077014,66.4141315166416,7.794099743375574,98.05938400808827,72.72947662002646,18,low_risk
21.963469353785207,109.99134800736076,60.26247578637383,7.133512463832548,98.73691893080557,71.43781815270322,22,low_risk
35.84292307597707,139.0,81.54239542225231,7.5,98.0,89.27428303366274,20,mid_risk
17.333456889365735,170.14016004491634,96.0490150637814,13.11812451331394,99.04406782549708,96.31925786714439,29,high_risk
24.354857153335963,108.54093759563969,70.87827305143388,6.980696437808841,98.56009434221072,65.0,11,low_risk
29.247650512587455,130.69607840719192,86.445113669133,8.063681713914391,99.13314995744571,89.08613270875131,38,mid_risk
17.333456889365735,158.40778887238588,108.21058413591409,11.0682042966109,99.62803557264483,85.09289706785628,26,high_risk
27.843839872813966,118.51471794963608,78.46476935054385,6.995640775854083,97.89274527800988,73.42219012883494,18,low_risk
17.333456889365735,163.83560442394014,114.44678825760984,14.324982569546636,99.30583478669608,86.7397086674715,21,high_risk
31.31828858292285,115.69462689862685,73.98798079540573,6.493822732338019,98.35639063201462,80.80421168527346,18,low_risk
23.483489036050052,111.91697352343458,70.42659661504784,6.0,98.31339072098554,74.4138650007792,23,low_risk
20.574660103975887,120.0,69.37287686970207,6.686101057554481,98.26590236725279,68.56247192484983,10,low_risk
26.58827180060367,131.05379795877462,80.89541090787364,11.0,99.36036003130307,87.60484545154738,20,mid_risk
22.45045149077393,106.78202151235183,76.1415834618762,8.181039836716511,98.64493288560101,76.615873171238,31,low_risk
36.575866769347634,140.0,99.0037278276683,14.828193975242026,100.86455145341688,97.50434852631871,30,high_risk
25.052007567511627,120.0,75.74825023649846,7.776182877768882,97.87936480687867,71.11361087532205,11,low_risk
23.99204589163275,125.24120198074768,82.20518950213919,11.0,99.24084120539469,91.86986508127468,8,mid_risk
18.549136515241393,112.08812916837518,80.0,7.252018619648638,98.02848316741903,65.0,19,low_risk
28.12729148710924,113.10808183518945,70.07619045936148,7.800979095125136,98.44939192366584,80.85558818945191,28,low_risk
23.963831416717188,112.04237895176905,80.0,8.010511398419403,98.50570190544295,76.10828351480934,39,low_risk
28.837083304340826,107.99113548676604,71.076911346714,7.324562010840376,98.37285144732022,75.76502730734344,10,low_risk
23.612910006094843,129.8469152810247,89.0,8.541282698392193,99.36747706871634,98.0,10,mid_risk
17.333456889365735,158.61813487820265,105.10023935246356,14.574498723825242,100.91576759872189,106.79029899126895,10,high_risk
24.399777651869893,103.02082446945953,69.05021103723993,6.858330135304734,98.39337263607099,68.15334060911404,32,low_risk
36.575866769347634,157.2611783116084,105.60883647867456,13.557714151738846,101.84478055009431,102.45017597901419,17,high_risk
17.333456889365735,157.40987934160012,96.68843929522286,13.176796716455588,99.01760888186924,115.09888364651943,18,high_risk
38.80835116068439,124.01805099661732,83.83516103696493,7.878714377644743,99.48069642767418,90.21076781961318,25,mid_risk
20.897235591693793,127.72118439607196,80.0,10.061065889136245,99.94229501238017,95.99821831136762,19,mid_risk
36.575866769347634,158.6689836093226,98.23441622494225,13.639218695203901,102.43710334841013,98.67232986309475,33,high_risk
29.326900726136238,122.33621642394878,84.53821966569242,7.5,100.29344757337623,95.41602475006951,36,mid_risk
27.17024017434386,111.66538553405377,67.38771021628214,7.186632612489772,98.34338814506486,74.0118862054729,36,low_risk
20.763145912444195,113.07749069163759,65.84763378142429,7.542707643731525,97.83722263979473,71.05697878215308,25,low_risk
39.30686535659111,129.38273848493083,80.0,7.706652529755875,100.30980020477342,89.71324168975092,34,mid_risk
18.0,118.33634085439631,78.50199294197532,6.269092650564643,98.09061766238663,88.0,19,low_risk
23.063063708534994,109.28063170403635,71.74170261920189,7.555540364308398,97.94646785727747,74.45172690633304,29,low_risk
23.042242229927112,116.03716741580092,75.06287015316107,7.431829592308837,98.66891736321617,79.55397728208006,8,low_risk
24.06085793314519,132.8505913760663,87.29531574821358,7.561042028838278,99.68939408533153,85.89427705063885,19,mid_risk
22.692385377350387,105.59480251447437,75.91494492370464,7.2025379153964915,97.52881290712213,75.75116933200512,31,low_risk
36.575866769347634,150.67216780456943,90.0,14.202788952491789,101.29069278702335,89.13869417004194,33,high_risk
36.575866769347634,159.45979834241683,92.77214747019359,11.864259953319763,100.64182017470647,100.70719437455938,14,high_risk
28.917446909503163,129.58753222824683,89.0,8.623651869475365,98.0,78.7905954808169,11,mid_risk
27.5819367245643,119.68986277002261,72.88762551610867,7.347650169189845,99.0,70.87303922357168,20,low_risk
29.78018651569937,106.98914259021986,65.11994122975798,7.693669668500402,97.6990491619436,84.24766760545933,35,low_risk
19.593261577534665,111.1328879757069,75.49079232995263,6.388494786335567,97.90675947799406,65.3339142257788,9,low_risk
31.372379007889045,135.86440118943162,89.0,8.906029589387288,99.88183175156226,87.82362467851001,23,mid_risk
32.858900531665554,118.64248401572183,69.87742919236163,7.046195592976505,98.38536401026283,82.43525079743655,22,low_risk
22.899585084886443,120.0,80.0,8.669954756057393,99.23297022002241,97.0419095152513,40,mid_risk
30.98415699450965,127.16864390816929,84.86255782710407,8.121958887440208,99.41698049135933,90.7620692706622,24,mid_risk
24.258849364489166,113.82291157362926,70.8898259722281,6.316777756183925,98.60830244814349,75.4279534528199,17,low_risk
27.379017366661145,114.34417552556886,73.28926731529727,8.010668453992029,98.33521807322347,75.88048962220161,26,low_risk
27.279069120928817,110.12165181686107,74.094095248703,7.773161542324323,98.22173987878801,68.37782772204949,26,low_risk
32.63766656188052,116.06725191718544,69.6980749461025,7.326401079121867,98.61328292715973,71.40206485131144,25,low_risk
27.700510786723775,129.34093588423502,83.24660547325473,7.5,98.14943821676283,77.1089114296273,32,mid_risk
29.057480260072523,114.59153526804364,78.68957768755328,7.200795413240645,98.43957351481156,75.6522967494237,14,low_risk
27.953866319981643,114.33147162718578,70.45210072625413,7.55169948023567,98.5996383264551,74.55141661165004,24,low_risk
27.63417709069132,96.62599804722814,76.00240693253164,7.190033794604455,98.13861484171008,70.95704208695986,16,low_risk
21.08650888953987,103.72229101126642,63.870960634443115,7.37148197207684,98.41721634834016,83.85666460841588,20,low_risk
22.692432521907406,120.0,72.96694360151977,7.563363739578788,98.78098478821447,80.12456053075903,22,low_risk
23.282377835498988,107.00906675061734,80.0,7.9518796948609465,97.96114254014849,78.85200955256495,19,low_risk
40.0,120.02053008998602,89.0,8.430772676191719,99.28784588228555,84.75536860187702,16,mid_risk
19.995545694458787,111.82442311789013,64.58424895970708,7.259932172645528,98.10193289187306,81.38870394473409,25,low_risk
36.575866769347634,160.37832439855947,103.32315598412599,11.023390124134282,101.40779068056776,109.91379168848054,38,high_risk
36.575866769347634,151.64794873656368,106.88280395169464,10.968630081777425,100.07979446940674,85.0,12,high_risk
17.333456889365735,151.75710230373812,102.10574560551687,15.770683331552027,101.88101174713671,117.29020690396904,38,high_risk
34.20803601879196,129.15377405498134,89.0,8.526552245205325,99.53940047013509,89.90165028827576,18,mid_risk
25.06231619032587,103.30212868180882,68.42976774919003,7.19409311480977,98.31195450749807,65.0,32,low_risk
18.325663704489642,107.93461208598607,80.0,7.374938206009184,98.23006746098974,84.20856542088939,21,low_risk
30.804574431180168,117.51537360745122,63.564864906989655,7.774674968683744,97.96151187005258,78.19236545155084,6,low_risk
31.015971954330755,108.27491441049331,74.79026744960066,6.03026296934738,98.68663573590386,88.0,40,low_risk
26.369713516813952,126.6414402225824,89.0,9.79872350628905,99.82567568881565,92.70094443213772,15,mid_risk
17.333456889365735,140.0,91.50158921053973,13.530858510302455,102.2940620238404,85.0,19,high_risk
23.845365444319448,120.0,72.84737687409874,8.013950031496789,98.03802086682478,77.12680202825513,9,low_risk
32.20376173164326,111.60320431224507,74.65963983385979,7.910553987117704,98.88954236741704,85.33119120488405,34,low_risk
27.442342981135294,115.03282095499976,78.38227822751467,6.672915719194764,99.0,70.10605436633935,20,low_risk
26.890389929652173,115.07851252058376,74.94739910610541,6.243146425102001,98.28754980604477,72.66989979073534,27,low_risk
27.393319287664237,133.2148621561248,89.0,7.5,98.9792142855146,79.19567072819966,26,mid_risk
31.29594705316013,114.77236535951138,80.0,7.016633631507718,98.42773486468614,69.66101757624844,13,low_risk
25.512417659643155,109.84995908787266,73.54300221245443,7.804294320358002,98.79028535106771,82.6402625457239,17,low_risk
23.899793211393423,115.0786347890565,64.43872512290112,6.0,99.0,79.40964026291671,39,low_risk
25.23687373605795,114.68630155486167,65.84362092269527,7.7081292623309485,98.07768013804632,77.72538343100396,15,low_risk
36.575866769347634,140.0,90.0,14.02088168040279,101.49360315057568,86.57657959281738,7,high_risk
25.163594448526883,120.0,87.66981230937907,8.531786729181173,99.56319125150364,96.87752322079007,14,mid_risk
36.575866769347634,153.9906983688927,95.09553561632399,13.566715126436373,99.0,91.37774406546488,13,high_risk
26.502695632253612,139.0,82.47890159870758,10.1946292631831,98.42978011898636,85.83495025495534,35,mid_risk
30.350624662324222,122.75675168316315,81.09679358298791,7.5,100.27955400451107,72.24230076365744,10,mid_risk
37.199502781784055,130.12255096358575,80.0,8.351303024733747,98.0,90.8101778070172,7,mid_risk
17.333456889365735,154.94538345025498,92.19127873472661,14.384029009312663,102.01909454053262,100.00278741866178,8,high_risk
29.288597516036113,120.0,89.0,8.48097364546377,99.29567836365989,90.37501053194079,39,mid_risk
29.49940299019376,127.83846317620987,80.0,8.7139252218268,98.0,70.0,6,mid_risk
34.08518343129596,130.03525502997323,88.82917090505144,7.5,99.04883159706685,88.79017889487079,14,mid_risk
17.333456889365735,162.4758558308996,101.6798527584568,13.890020030294266,99.75450303102387,95.18661694291293,15,high_risk
20.784665925698572,120.0,89.0,7.725739427016935,100.5,80.65134285162551,23,mid_risk
23.849849620389904,125.55526185988467,80.0,8.633121281836951,98.0,89.09736895429752,32,mid_risk
37.079375746323045,130.09009366884146,80.0,9.070492171155992,100.48711047473051,86.9118273445101,31,mid_risk
36.575866769347634,140.0,98.1865927759306,11.380066214986334,101.88454096538912,95.95950443961866,11,high_risk
18.47177247397892,125.98293271199137,89.0,7.91507933321923,99.16803936191724,90.35954220928497,32,mid_risk
35.261009538372164,120.0,89.0,7.582941989443807,99.54790907229086,92.69093190439942,23,mid_risk
24.217941781135607,120.0,89.0,10.213247625226023,100.5,83.01706352603787,17,mid_risk
36.575866769347634,140.0,90.0,13.619670817912972,99.0,99.77976711854453,10,high_risk
17.333456889365735,162.83132189522226,90.0,11.961667635877129,100.389703553354,116.23280943287924,21,high_risk
31.710803256305763,109.67721610126291,71.71075806908755,7.0673745218777695,98.14743897777338,83.37313930120335,13,low_risk
32.386829302944136,108.5583893626186,71.18026255970878,6.0,99.0,79.09686423751828,7,low_risk
18.0,115.59957237997723,80.0,7.488544855649337,98.99122875934259,76.66677625177907,16,low_risk
25.416804415807505,110.62365553559184,68.28490343963136,7.552435019883608,98.24740423407037,69.19497312833326,36,low_risk
29.12737815787454,113.59217409639777,72.19268616653007,7.675115586232841,97.5,77.4173418775854,18,low_risk
26.546957292583382,139.0,89.0,9.297234501014547,99.3716228555978,77.24980209272793,30,mid_risk
32.21992910780265,133.79178195255494,87.14438435964269,8.775967363787771,99.38345513343042,79.62940953874417,7,mid_risk
18.0,116.4874615367052,77.04123095842485,6.548367250729148,98.41840255469454,72.21492158231686,22,low_risk
36.575866769347634,142.81708444836724,95.97915416674117,10.96435914559628,100.59255230954433,89.5751680305915,21,high_risk
36.575866769347634,140.0,90.0,18.44609230034031,100.46751147413019,85.0,26,high_risk
23.76315049659514,111.94528602013477,74.0168775329858,6.0188974719371675,98.40778330220756,81.14185322189671,10,low_risk
26.894369722540727,108.36571046197997,75.55654336721443,6.6658092911880775,98.5814342094037,75.24088661827629,37,low_risk
23.80974598656003,100.92287282657144,71.5153398744101,6.706754392903243,98.20629665922768,83.69676981303388,24,low_risk
18.0,120.0,73.51042376778548,6.780302867899414,97.5,70.41398973020534,19,low_risk
31.26209611693736,120.0,76.22099163645336,7.716861915379683,98.87239596212227,73.51221694711582,21,low_risk
23.548645758241364,113.18389424443357,75.28987990610591,6.849326824889737,98.87876437950455,83.07965278023079,27,low_risk
31.706721296726617,120.0,80.0,9.648124464474275,100.28777476491585,80.48856416174169,28,mid_risk
35.82676191276058,130.72071529171123,89.0,9.08009855332877,99.84339063574615,83.16157037347381,22,mid_risk
28.192588972112386,136.5673035469967,80.0,9.999626984734428,99.44460264722726,76.93458016492147,20,mid_risk
23.82020128683189,117.21493638633564,79.06318704822036,6.806587368323134,98.04256199451235,88.0,31,low_risk
22.397429723512694,115.06721559714988,76.78276562266879,7.340308815473759,98.20655314417783,65.0,28,low_risk
17.333456889365735,144.5744947652505,99.17983396498222,13.490026426296833,101.70341661903792,121.60959682960666,24,high_risk
19.370144902493777,120.0,69.8136878447515,6.846063146122265,97.51950261061964,72.35305664430625,23,low_risk
26.367023903108638,106.26926452390389,71.3687607174129,7.166447730886672,98.94040630099481,78.29459989415521,12,low_risk
31.910172680402844,105.47652436682318,71.09108983303973,6.0,98.27289564239305,84.6185771173532,16,low_risk
25.87933258164139,136.8022014411619,85.15285650745798,9.51905340537564,99.52234949793643,72.22678671799385,12,mid_risk
28.41646277862865,125.34879117042989,80.0,9.093337550196944,99.44473605683794,83.14211630941197,31,mid_risk
30.52863596415011,110.66078647219116,80.0,7.582394809813843,98.58038505391059,77.85836067481601,26,low_risk
23.319252731616572,111.163322345914,68.53918183640955,6.860163245271166,98.46423577326871,79.35234302166691,21,low_risk
17.333456889365735,152.13482841488155,90.0,12.669965268652959,100.80763906686997,85.0,21,high_risk
24.003855841774488,118.51589269705019,74.5287689563574,7.511941283717252,99.0,83.18300816348712,23,low_risk
29.5139816487011,139.0,81.68988176701615,8.443774127521637,98.8351405818307,78.5641860954272,23,mid_risk
17.333456889365735,144.26629075741542,113.02577908336701,13.599978915213057,100.36912631056033,85.0,9,high_risk
17.333456889365735,153.6970369828603,95.32685203089963,11.134955308700997,100.72246902590405,106.5726058691181,12,high_risk
36.575866769347634,172.08613111721644,107.03842399993279,10.732862773816926,102.41406365287334,103.86080850525131,37,high_risk
17.333456889365735,167.24785853230887,90.0,11.805661042805415,101.9741464851751,98.94388549711884,13,high_risk
23.924445237780677,119.03874782551985,60.0,6.672430330552808,98.34762967794956,78.53460983740864,14,low_risk
24.691593162343583,109.81028362274269,75.30221131666778,6.992144096395861,98.23414923977126,83.81554238071739,29,low_risk
27.99870929526414,132.25540257095082,89.0,10.878621492613078,98.73840858672627,94.35108334853649,10,mid_risk
21.61215460672669,112.4160660222175,71.8443721521245,7.562274312166736,98.50304034295925,84.1931587751576,36,low_risk
19.687255804406277,105.37980036295676,67.77141311776808,7.30863764566265,99.0,84.6929206500263,8,low_risk
25.612747094152596,120.0,86.12009330066554,8.251583416177363,99.12782032167988,87.67576564046789,12,mid_risk
36.575866769347634,140.0,111.83372114620973,12.652308974259972,102.6861855669327,107.91422612236529,25,high_risk
26.596544457408285,115.87129351570034,80.0,7.897703146520992,98.5592192866037,73.94710809323657,26,low_risk
25.388310197392162,112.96344388629919,80.0,6.831406113542224,97.6716958888792,70.4446605766531,26,low_risk
28.28824063997796,112.34207874938251,78.24087106333334,7.147538802733692,98.19857215243692,68.29367778356492,28,low_risk
25.16236676481553,120.0,75.53806334094598,6.366420761873406,99.0,69.69967126106089,14,low_risk
32.17823145407115,115.28271469105125,68.8798570455681,7.956911551521309,98.00797507926376,65.0,33,low_risk
19.78212199798059,112.75827747727847,75.6202851411078,6.0,98.70226633549773,79.12413697853601,19,low_risk
17.333456889365735,152.36529871313778,93.59191938130257,17.279243551803205,103.5,96.42158800305386,27,high_risk
17.333456889365735,140.7936875896552,101.49044056637433,14.162466324533188,102.20385390197535,110.06910489860897,24,high_risk
17.333456889365735,157.0466029365172,94.28000103747593,16.99753695179258,100.55650830926214,90.23826595743799,9,high_risk
25.207783543229198,108.84379094399452,66.60277888430139,7.115010848393924,98.05152278799696,70.54191736412514,14,low_risk
40.0,133.0742714654579,84.81443258766585,7.7024022122027045,98.18338496893637,72.6613584192852,17,mid_risk
29.03926835737054,120.0,75.8207014802733,7.756947414806595,98.57939418167858,85.99361928211917,27,low_risk
24.568040610612268,120.0,86.66537858098047,8.16566804291471,100.12796997347313,92.03703437271452,18,mid_risk
21.908699141849713,120.0,77.12754008415519,7.3866659946859174,98.51638589205498,70.90167447113382,6,low_risk
35.74514031499147,128.69684975444778,87.65397918580555,10.571428119675765,99.25723052996048,81.14285911196241,11,mid_risk
26.081827303119354,120.0,73.53181905630414,7.798579246152147,98.4542253665659,80.91843830354857,7,low_risk
26.106630743514767,135.99427712187605,81.2553997204697,7.5,100.5,85.78721333451895,34,mid_risk
19.468801076142654,118.00627655540285,73.22370475587626,7.165489348196722,99.0,74.92291255076512,25,low_risk
17.333456889365735,140.0,93.57006701505773,12.609229387444184,100.31723090748163,112.07084833522435,40,high_risk
26.027270959643168,120.0,84.78739231787469,9.766992652509728,98.91328962545815,94.59672119194725,30,mid_risk
30.378133891952018,120.0,89.0,8.370439733495923,99.81489235013358,91.92816851987682,26,mid_risk
24.76095090810885,123.08904621541026,80.0,8.145336876715737,98.59545852901688,72.17506995255837,7,mid_risk
31.19127416686174,128.50722808688394,80.0,8.59293849098216,98.37753459212547,84.47245113333635,27,mid_risk
26.6517258171025,107.03445867610768,80.0,7.883733321615281,98.2611254019551,70.71992810985542,30,low_risk
17.333456889365735,158.36947636701223,101.66216514306083,15.256675479329498,99.7587207214555,96.4498957729564,18,high_risk
27.20020839609821,109.3794145765707,80.0,7.789609885661965,98.39077977756583,66.91701699253088,27,low_risk
22.59744524032478,113.1522946989402,80.0,6.0,98.91523028994095,68.74480773256236,39,low_risk
24.294170921701756,126.71185939470064,88.0456767411016,7.5,100.00444707760495,83.31830446482802,33,mid_risk
26.11597664889521,112.22762701268562,80.0,7.871546950538458,97.92133376308625,73.79657799520429,21,low_risk
36.575866769347634,140.6759862202499,107.71902334798828,14.975300923052556,100.65958289358171,104.87079596638941,24,high_risk
20.67577383836695,107.0654804057068,67.96489176071393,7.422127133965045,98.28606522490313,80.78785152749143,13,low_risk
20.71966093469539,108.02810693322034,68.29495745123631,7.081082594172169,98.73344128193494,77.78725714614308,9,low_risk
30.809197365213006,126.41380226628543,89.0,9.480707682469601,99.13351575326672,70.0,32,mid_risk
21.985055342570043,115.04701453773774,77.12815466823001,7.164350891236504,97.94877497807693,74.62551381446974,17,low_risk
36.575866769347634,159.07018580444313,93.20088318532817,16.072191848817532,102.41079175137982,97.2227660054623,16,high_risk
34.84475326126085,128.99474867904905,86.51489791733837,9.903330899710049,100.44195803834265,88.91859963877198,39,mid_risk
27.20995981766859,110.59355319810207,75.66303755162099,6.399233635853861,98.20937847942659,73.0963993302926,37,low_risk
36.3583261664825,136.8424552592289,85.326344788099,8.861006231931807,99.34407323104887,78.8382646821494,6,mid_risk
40.0,126.42789668459065,80.0,7.5,99.54653934878785,81.58939306846553,28,mid_risk
24.27705362330112,122.06332724061778,82.52436429626935,9.73352532109637,99.38925511473059,79.43583427914844,6,mid_risk
25.997534734843022,114.9893304909807,80.0,6.860654179275606,98.90304762254375,79.28840154824303,18,low_risk
30.919776555560105,110.98706966085993,77.01059160196242,7.735240559839032,98.80864919362922,73.64145879579124,20,low_risk
30.77505841629304,104.24036225277302,71.19696181576344,7.546787114183735,98.72383777438876,70.93687673545061,19,low_risk
18.0,106.82334541574127,79.0356666823658,6.882319821895795,98.4349895014723,68.27436829808164,30,low_risk
26.596892490421116,119.16465641828424,73.48284387854858,6.185597023436129,98.60099987845172,87.80150177504952,37,low_risk
21.60062252214083,112.65135823465914,80.0,7.501951238849703,97.5,65.37711317334353,38,low_risk
21.307067015556385,107.94893035015372,77.01623750285697,6.624732926287935,98.38189827921427,80.71111049386226,12,low_risk
24.903499651559986,105.23939518654117,74.54704235916485,6.969034266953951,98.38225541779538,73.85205739351998,22,low_risk
29.14612083898961,127.82072441281439,80.0,9.269428190591503,99.06631109768107,70.0,34,mid_risk
33.5757763573013,113.34810835451131,80.0,7.345729207890165,98.52313294900556,80.2188411834163,27,low_risk
26.633011022857886,108.23969665246021,68.6457379065778,6.692907624944305,98.8091365886203,74.33866386538718,6,low_risk
36.575866769347634,151.7132505486852,101.37557027987026,13.288643563875032,102.35279457512877,85.0,31,high_risk
21.070050425846762,111.21116442597,80.0,7.201888636143797,98.56672062979325,71.36474732894658,11,low_risk
22.247398619289104,104.20251257843441,74.03589233453971,6.902080958710819,98.33658492303343,73.74699975954657,14,low_risk
36.575866769347634,161.59703126801458,99.5468417892046,10.5,99.53243589703736,89.85549410784948,26,high_risk
25.136333873036904,110.32622241800915,63.11467476778573,7.626846347679297,98.61496480112815,72.9033001487714,39,low_risk
36.575866769347634,144.88451214349845,94.12891179693746,11.099394828989585,101.18200945561325,89.42932070253566,26,high_risk
26.76005780021333,98.72882853202296,80.0,6.577760355858002,99.0,76.25818583992769,36,low_risk
31.998306972747756,114.83201362551564,74.1972352412037,7.5018542211742485,98.13610054349842,67.91202529379699,23,low_risk
20.521320421495425,114.52951966368673,74.2583048842554,7.051348549056175,98.2908266719098,85.23518320104944,19,low_risk
34.13444609908354,126.89807120753937,89.0,8.358697595782337,98.30144228772818,92.96499473804619,40,mid_risk
26.030201562891058,103.12653058735523,78.48533098443566,6.765605800954435,97.9705245364329,65.0,35,low_risk
29.595062801488414,113.38042455514841,63.05039147510723,7.595670744668167,98.25388765671845,77.34356124367964,12,low_risk
18.0,110.73321856703383,75.12632058623775,7.292696199357151,98.50924737371746,75.98578650320316,32,low_risk
27.25563648020944,114.04353529840299,76.95211030625731,6.974619800540679,98.33840093392087,70.53029618707659,13,low_risk
21.984141644533295,102.81335498466566,73.67655697483741,7.468436362241386,98.53499282989057,65.2351389328084,12,low_risk
35.70779366138361,127.15425580239122,80.8937928697426,10.565577973311935,98.49992659569999,85.68987900237757,40,mid_risk
36.36852673905595,136.90554499661582,89.0,8.266370639979431,99.56826271200894,88.61524958106669,27,mid_risk
27.783408488073256,124.28422448114924,80.0,10.580275889951151,100.08432992417198,90.64627108163225,9,mid_risk
28.281928724789456,112.9885650474191,66.11501758904501,7.6883885161186445,98.30891215406571,65.0,31,low_risk
22.232367720475022,112.1148866644945,69.97516759573719,7.963542097757141,98.8663666081021,75.37384930337149,35,low_risk
30.906161398903585,115.90270055521684,68.44209875243224,6.0,97.86199420642774,71.70692208708863,15,low_risk
36.575866769347634,147.6001513676289,90.0,12.394278305088907,100.6500237485363,95.73774230352389,11,high_risk
27.727565958505245,109.87575573435386,79.52950212178655,6.792461608084227,97.8084891504615,73.65754757031718,11,low_risk
25.73853543412922,112.81921198649643,70.73955555703469,6.055198717726015,98.23701595708337,72.01209341498762,7,low_risk
36.575866769347634,173.41521266496642,100.55937904994515,10.5,99.0,89.79295114086509,20,high_risk
22.507437894300942,114.2584571565851,71.40301814086936,7.0704236877898605,98.4972538620554,74.67989183404195,20,low_risk
25.60120704584751,111.09236029807893,71.37775931868674,7.450608451343641,98.29529668391157,75.53503420064207,13,low_risk
36.575866769347634,173.0426279267132,101.20830084680779,13.29657519134888,99.0,98.64366847141291,16,high_risk
23.98972739442736,111.50391588494381,75.26582619018991,7.152559594881266,98.8764343419094,76.87256330443455,23,low_risk
28.287610017500896,100.14720060187678,68.44016487112918,7.903030748829696,98.44031642905793,67.52364544659666,31,low_risk
23.123297391581183,114.56984258324589,80.0,6.0,98.72126189704561,86.7908805228287,7,low_risk
36.575866769347634,157.79631990869026,107.6146944484897,17.066387046295425,99.1459752282346,97.7254820298403,12,high_risk
36.575866769347634,163.47309275819867,90.59836456963453,10.5,99.0,90.69954406173501,11,high_risk
18.14746188363649,110.87713440997271,63.57943530250706,7.4330254375381015,98.4958510072956,79.31743137159688,13,low_risk
27.047479257016178,133.92932037861232,89.0,7.645427765368823,98.80550139873642,95.56194373802134,27,mid_risk
17.333456889365735,141.39403672605363,92.02640491086406,13.924854811379738,100.40538382000884,105.3489072893491,9,high_risk
26.639124043749764,121.75769172461781,87.19817717975239,7.5,98.53233553801827,75.87643370583957,39,mid_risk
22.959934404581013,105.83394915444426,80.0,7.216388027910863,97.70289121044759,78.62276067838631,36,low_risk
23.52009989676116,128.12317229502315,89.0,8.226652715123707,100.24437835245655,77.58154196855487,19,mid_risk
29.365990154475703,120.0,88.59461232593637,8.563000058957604,99.8956067856001,98.0,38,mid_risk
19.482723087941892,111.88443772159363,80.0,6.667602324686538,98.54414748636195,73.13296089577726,40,low_risk
31.229718594159188,128.19750211108527,84.18131407089972,8.21361352406592,100.5,91.08936810458933,33,mid_risk
25.835454380019023,100.98276776138022,78.87908359672355,7.389814992921687,99.0,69.75880773426717,19,low_risk
36.575866769347634,151.49343370371224,90.0,10.5,100.75829295114424,88.76994302881097,33,high_risk
36.575866769347634,161.26442776908104,90.0,13.215907869294757,99.7382805408883,107.4072022348725,24,high_risk
18.0,108.39745860556776,63.47176529079837,6.906914351933785,98.64923493915565,75.6951952682828,20,low_risk
29.22409683873833,134.62928097214186,88.18382804033659,8.584292640308313,100.09911909351307,93.1459056887891,22,mid_risk
27.55492088811674,112.96010935511673,64.10887375312595,6.453274499949167,98.09527013133646,73.6393726223527,26,low_risk
37.13483702205205,129.24523357679786,85.02413426133714,8.509696409515405,99.30970672105538,85.1549386198985,14,mid_risk
21.8887332496365,106.48369245048146,70.23782381323483,6.520329029239353,98.40804258674764,68.0706652809337,20,low_risk
22.840961278762553,107.36273399305834,77.89674501952666,6.363302958684443,98.45434376963267,85.36153317718558,17,low_risk
18.863543317057513,99.26887060594844,70.34521862142263,7.038812548014155,98.09432528534487,81.18549030819182,28,low_risk
36.375622023305716,120.0,89.0,9.762840919475058,98.4824947028525,85.33250234106843,20,mid_risk
30.79115434826643,128.50266858335473,89.0,8.863553307897535,99.53547685892907,92.0446373668348,7,mid_risk
30.813537908470803,110.1035628638377,76.37583873247691,7.067078041449757,97.73021221581871,83.52711221428714,22,low_risk
25.437579178419572,118.19527722604994,73.02865434010741,6.88462143960877,98.33264603101087,82.56879101336395,20,low_risk
24.23055614087551,119.17942900998695,76.99397194780956,6.976885270632801,98.34632791572923,84.34153196507194,9,low_risk
25.462698537171434,108.97135047263069,77.34327402378953,7.052169958491271,97.60961468004336,74.7102709715263,29,low_risk
40.0,121.52741870446039,87.68824480361151,10.24840388650306,100.5,79.25698912336696,22,mid_risk
36.575866769347634,142.01224803158598,96.6461859162348,12.783524686074447,101.32785971446616,101.6754239873928,21,high_risk
27.053069732453423,113.02249733425293,73.68237712692323,7.013815376769058,98.11456613203714,75.72926265805569,40,low_risk
36.575866769347634,169.4421116234603,114.35931575025744,14.119997911390088,103.455369347335,105.30935565436144,31,high_risk
29.21456718643136,110.15223082216576,79.29059162543575,7.447799347282679,97.85761186205602,74.59765565288964,36,low_risk
35.95965618107537,139.0,89.0,10.748732184419524,98.83347253712543,87.33578560053428,7,mid_risk
23.137080985718974,112.45603234847447,76.73632398688983,7.193344797630839,98.69341912540236,80.63943991999456,23,low_risk
33.532133498625065,109.20378098879054,71.56398539402537,6.714371507350348,99.0,71.88595049445922,17,low_risk
19.821274097116376,117.03364300281767,75.14537344102851,7.992248405870301,98.06572439799199,70.43068019591189,24,low_risk
19.66389802032718,120.0,78.19734252259202,7.076623287814051,97.96944752503919,88.0,7,low_risk
27.961364913656908,123.47341191717058,85.62691967407653,8.473486723019,98.0,79.42265348147012,17,mid_risk
17.333456889365735,172.9412392561031,90.0,13.703767602701067,100.5876865509304,97.12488413597139,37,high_risk
17.333456889365735,148.3248733113679,105.27309628971534,12.529928650218677,102.58060053596837,89.48351525716737,39,high_risk
36.575866769347634,140.0,95.41653380348284,18.91615047428308,100.10645693018711,106.37836961212234,26,high_risk
28.836039998072764,137.41159060293018,84.43875499184635,9.29740326467544,99.6786006509451,80.71314618744482,15,mid_risk
17.333456889365735,153.04574003259913,91.04382105276461,16.548158282794375,100.28648605283823,103.83767325152098,25,high_risk
33.97249145378155,134.36571558292286,89.0,8.326177475675092,98.0,92.09457369941906,34,mid_risk
22.77809152335898,106.58769067385494,72.2954606132696,7.762486495504155,98.21191866448588,75.23555876566024,22,low_risk
27.59483955035857,120.0,67.07006028800501,8.16978002563315,98.80269202849084,78.85451195098919,29,low_risk
20.851015382694175,117.85118577869457,75.28876270071375,7.298576859222342,98.34858148269922,70.27229138829964,35,low_risk
30.682957586991964,120.0,87.15298541619958,8.127334516342959,98.0,93.0668359495521,23,mid_risk
24.411770473991446,116.15863364357887,72.5008090186256,7.065408617473137,98.20081526127287,76.62122892369506,29,low_risk
28.021564903303023,106.94052042810284,79.19189425509659,7.496136122600575,97.79241208767468,78.48169754543008,10,low_risk
35.1718004900728,120.0,86.55043925592369,9.03705835366018,98.7913138595181,77.06328255920303,32,mid_risk
25.79164313385059,119.15504507486784,76.37715341263312,7.349728913758846,98.05547616812116,72.06025557520177,15,low_risk
17.333456889365735,140.0,90.0,15.563972291947252,100.77515313323714,100.12822994150902,23,high_risk
32.109668560867554,131.58654049944127,81.58835168373467,8.170770924891075,98.60476812717452,90.75826361333834,33,mid_risk
32.3812638004361,133.22782924974987,80.03264452201117,8.736426070084566,100.5,84.47416844518054,39,mid_risk
36.575866769347634,151.14474521181782,90.0,16.990656232845335,100.98675706379979,95.79241936206348,30,high_risk
24.92594745603044,112.73602189596878,70.41040554626198,7.023454496618125,97.74719404598945,71.1416509853963,31,low_risk
17.333456889365735,164.6185101342353,94.54457824672136,19.0,101.76622515466671,100.77286906353103,7,high_risk
17.0,120.47450492023589,89.0,11.0,98.73092735895996,85.70162798179464,10,mid_risk
24.87525234434159,122.12978173754097,80.0,7.5,98.0,87.65978744865686,36,mid_risk
25.3463591498916,120.0,67.14163151384767,6.945840850963094,98.01089419329601,70.30628303338793,36,low_risk
24.411991993486044,120.0,79.34885727491925,7.2694947523361675,98.5575492872659,77.17241932769993,21,low_risk
17.333456889365735,168.1600457167488,100.27648681060433,16.08856358603278,100.94643590180291,85.0,25,high_risk
26.827012876615136,114.13368009271396,72.11849637537502,6.909528903249109,98.64103210719134,84.9375964566859,21,low_risk
24.37529989057508,139.0,89.0,10.34539694641007,98.9901411229607,98.0,19,mid_risk
29.19821086127734,96.3747168602372,76.50120234718285,6.8007466211223235,98.85602713859807,72.49359414042381,31,low_risk
27.91051817454792,114.95211308795679,80.0,7.61135384777905,98.33491851937237,81.10954627535918,28,low_risk
36.575866769347634,153.14138927575212,90.0,14.980350785629877,100.03569331413652,113.78563907516696,35,high_risk
32.19074610739809,106.60729571006124,78.07750511222132,7.283187110226051,98.86105924130469,75.29407041038702,36,low_risk
22.197902347615432,126.82410679868015,89.0,7.850855343353904,99.13139764190363,78.89167530339309,18,mid_risk
25.929014788644015,116.3137198639904,79.15290292812028,6.634465196524874,98.1883195960754,79.0256244882303,29,low_risk
26.353985629977657,116.24928653953934,80.0,7.6088173959451835,99.0,78.65390120898691,32,low_risk
23.649966161045565,121.74548909312941,82.05071420694739,8.491340755786366,98.20041880916648,86.09553426774482,6,mid_risk
19.366154814545762,108.07740196810708,80.0,7.3779461631181835,98.15845642750523,71.98927053488093,13,low_risk
22.12637093772321,114.89349371608394,75.40504625140903,7.125993561572334,98.2093794307123,68.91416509801368,9,low_risk
24.331527678732584,102.3945761291409,76.52794620917938,6.364358716699803,97.77153905955285,79.5378353881444,39,low_risk
20.67380798554242,105.59318247052484,74.46686187138326,6.991618626625295,98.57133682026429,77.99151068624732,37,low_risk
23.31606207671895,117.37022988445669,72.02159644121868,6.9212513531306294,98.71004604863565,68.1710986574023,13,low_risk
30.50282725324648,106.42293483884553,73.0871551281023,6.468429320086684,98.38162846850395,76.46804451087314,28,low_risk
29.20261758403045,119.41486972004164,78.47323593786936,6.886721057988005,98.26236078869508,72.96706146733294,17,low_risk
24.04420781253436,112.45260183340956,67.56418215707875,7.655708932491665,98.65504232489249,77.78336332951052,33,low_risk
23.29247572021032,108.44521444508264,80.0,7.318750000405245,98.51938072559258,74.86591421390516,8,low_risk
36.575866769347634,140.0,98.51182648224072,13.423487264991012,101.24287365866091,100.32405213653684,19,high_risk
33.6643379122785,136.05186663992228,80.33078136622547,7.5,100.49288139239202,90.05966948918541,31,mid_risk
33.30104349050106,119.41469315093292,80.0,7.603166764688699,98.47984416736112,78.31951737943115,11,low_risk
30.87244099743868,135.9514223263571,89.0,8.859819102211487,98.0,95.99300314001728,38,mid_risk
21.034430602174773,107.66957467997648,76.04026423418378,6.96487394076788,99.0,72.21914301914592,37,low_risk
17.333456889365735,140.5419428383577,95.44379559286456,15.310371547269098,102.2782726082547,88.20854088225514,12,high_risk
24.861152921179027,111.83617276294041,70.32913100610752,7.391714802469774,99.0,74.52198831292091,39,low_risk
18.0,116.8024571513661,74.06249660953625,7.437252591232823,98.53534297677439,79.52846005100699,18,low_risk
17.333456889365735,168.6399344317273,92.33938930687023,15.397248637188802,100.32389588354111,90.29552290812569,35,high_risk
25.371076703681894,127.52842773184837,80.0,10.092992573375398,98.89792273578523,93.92200394625425,12,mid_risk
23.602969182726284,111.5704044888516,80.0,6.488198143734087,98.52808663117953,80.34694636229037,31,low_risk
32.365413359975285,139.0,89.0,8.170818263236711,98.0,86.59460956884128,20,mid_risk
19.62219795586289,112.00316775313958,78.56885810692793,7.3256820501886635,98.30542046530566,78.05755826392806,6,low_risk
28.007732130747097,106.69118371583859,80.0,7.797670928946678,98.7267348045724,73.43917483038845,9,low_risk
25.055717167651785,102.574743087589,67.81286680888714,7.130865460468682,98.80410983473442,69.01569620556505,22,low_risk
17.333456889365735,140.0,98.22734184038302,18.206288827040254,102.95377863203014,90.05133534009643,17,high_risk
36.575866769347634,152.22527028606663,96.15647991034515,12.955642532111197,99.7912301393725,96.0720376882637,20,high_risk
36.575866769347634,185.0,104.76243984444105,10.5,100.53083715270282,94.67771333246877,17,high_risk
18.380573312536924,113.68096695291764,76.21501065223687,6.957382804385986,98.68281294384433,71.11079110654393,7,low_risk
21.907960864578133,118.89067425518053,80.0,6.576116081383869,99.0,74.64842414505188,7,low_risk
23.239822053212066,105.85487905402476,71.41785178056215,6.889384456278472,97.86565503833256,65.0,8,low_risk
23.15744491616085,117.51445889792662,67.11191249622881,7.101398876468766,97.57020545959348,70.42518195694146,28,low_risk
18.0,115.5064778828349,72.93271610324781,7.497483012616542,98.52255579282937,73.33835901875568,29,low_risk
22.929554803855314,104.91512310814693,72.60094828811496,6.799686549133497,97.75287975447387,76.13848395370252,27,low_risk
28.89021779850692,104.14707760528533,77.6056768127279,8.445039023609125,98.06556333191216,76.19583302014523,13,low_risk
33.58059651109355,110.74411708252383,73.46831498734342,8.07165332707571,98.94804074144416,79.72808043981462,20,low_risk
26.210541860956134,109.84138812526548,69.8283847725421,6.3959567573256395,98.86872405730955,78.78550742873801,34,low_risk
24.063386501106656,119.36601395483976,68.57424736721102,6.7846498024404625,98.69313163272871,73.68206514731695,20,low_risk
26.03792294083514,139.0,80.88579125574799,9.222178541096676,100.11637358924747,70.0,13,mid_risk
23.28753935613635,109.67740178515359,70.80858636735753,7.678796729767342,98.04182881562998,78.44881547667013,35,low_risk
21.006583837044836,111.11331808709517,73.25515345116352,7.751348912794998,98.97776487802204,65.0,35,low_risk
20.483792915131083,114.98019533941913,76.61071272966969,6.0,98.26327127190154,81.11899183847915,26,low_risk
33.38052464647416,120.0,86.68338543199087,8.017258186327949,98.01569569013948,70.0,7,mid_risk
31.378020252899887,113.24360397639366,77.91436867474286,7.602546748966125,97.80895503723222,78.2881170074817,33,low_risk
28.317622324733957,113.01192803180037,70.33483502238005,6.742488456512041,98.0080297700871,80.4956953412767,18,low_risk
26.296335877579182,107.99145727814171,66.0700834388102,6.366874467701273,98.69162545800096,74.67040183368977,24,low_risk
29.756066124430205,118.75260870648862,74.38578248108858,7.987016069563596,98.00856464400455,74.21322306265624,25,low_risk
30.363136940897014,129.3121276531249,84.1961357615842,9.432747902604794,98.87090760958228,76.88876693605624,18,mid_risk
28.642208481030828,125.99170296114222,80.0,8.844637836323521,100.16039547555202,88.13950163260982,10,mid_risk
21.928809739583485,98.22291428117657,76.87035610447,7.670401667586449,98.72822140115517,72.08866850481172,25,low_risk
26.459844009864902,120.0,77.67318772729665,6.189199453664168,97.98758988994108,80.58527922003313,35,low_risk
30.537091274042073,115.30885765143714,77.65690126287497,7.837594374472516,98.85437913837754,80.69216432544476,39,low_risk
32.77974374979094,128.649804025202,84.46144898522851,8.238192981278988,100.08139171963568,85.99126596508856,25,mid_risk
22.275793370100477,108.11474916618904,73.59560751067269,7.510796865834871,98.40030220298185,65.0,7,low_risk
29.951265247893847,120.0,75.43664452201504,7.346118122511807,98.52459634351912,77.20419216573328,11,low_risk
19.350785194658833,119.41655905126262,69.74296782869843,6.868247497579619,98.55925890604902,78.96386429323387,22,low_risk
20.111488764432217,120.0,70.09900435441268,6.868146109851521,98.17432152805581,81.27378383842391,7,low_risk
20.11662540011591,104.01260227865333,72.52455042881047,6.869668840974907,99.0,72.30313925170634,14,low_risk
36.575866769347634,159.5279917305706,99.43868422457751,10.853438525957184,102.85033115210022,85.0,34,high_risk
21.94696337382993,107.54517648581171,64.65129150152289,6.0,98.05746059268752,69.41874952369608,39,low_risk
29.29452699943909,117.9240070995346,70.96322783393894,7.591383690966138,98.90091346478266,73.09804817537459,17,low_risk
30.57726732811434,129.1952998793671,80.0,8.406928691957225,99.47801442872422,83.8002927911189,27,mid_risk
21.514550095297196,121.79881884439135,81.6619058102836,11.0,98.0,85.31946437245003,23,mid_risk
23.4617778230807,107.4870615664565,74.85231885498285,7.311413148251243,98.25852569617321,69.20710515570396,40,low_risk
28.467612539447842,130.41944916620898,85.60880669390106,9.163474315051518,98.52137024440428,76.0793215433976,28,mid_risk
17.333456889365735,150.84018438088796,90.0,13.693537389338369,100.34825918879659,106.9114546061938,28,high_risk
23.661995056636208,120.0,72.51696270465101,7.2170745487098955,98.39467814584854,78.28855370520606,26,low_risk
27.239161791724158,118.36125944499328,66.1925338877907,7.645475348155572,98.34476706613542,85.63213577417083,28,low_risk
28.545674149046626,123.41188783583657,80.39604824217827,8.766090696042113,99.7877677340584,78.92465453669266,17,mid_risk
26.172289893194726,117.97628611483489,70.71082723073931,8.16886727442591,98.05228520520456,79.12869639435718,29,low_risk
29.17232305176162,120.0,89.0,9.001434872328113,100.5,87.78208518581513,40,mid_risk
22.95513729427526,120.0,77.69826575862336,7.587603712268731,98.36098984650175,70.60720113853698,24,low_risk
17.333456889365735,153.1307677676502,92.10306731519987,11.907259936505898,102.79071680639524,107.17529268691118,40,high_risk
34.260870906609526,120.0,89.0,9.265840736262348,98.77145030548515,92.29019711867244,39,mid_risk
23.593946063834764,106.0769228370929,77.46361377558429,6.998068446073096,98.00071509659544,72.73835862344168,13,low_risk
30.65796480280933,120.0,89.0,9.355716316796531,99.15747215542194,89.60406982205348,27,mid_risk
24.426130694813764,130.2560558940485,86.61944995219451,10.567483894798213,99.89268924666703,83.97078011995708,27,mid_risk
17.333456889365735,140.0,99.45678329997583,11.589547920816337,101.28263976286614,106.01949216792374,30,high_risk
22.734809081588914,118.23942812437646,77.48951636269514,7.34580283323264,98.39429185882025,76.38703583717543,31,low_risk
36.575866769347634,145.18398129907996,90.0,16.81090811629081,99.6420063417561,98.71643289570913,32,high_risk
17.333456889365735,154.45348025661318,93.24521013768032,12.408455223509879,100.66447589874608,96.53549561393751,7,high_risk
28.14320063460333,107.89222104543998,72.4890970650869,6.486621948279023,98.00062365884932,69.76533298979356,26,low_risk
23.213940191731915,115.97728761200447,68.91658435711751,7.427491871235675,98.14583604790852,65.0,11,low_risk
27.804690969243595,118.21149600834252,76.28902804962893,7.581580650427043,98.782321098045,80.99907658762109,24,low_risk
24.01129046991761,120.0,76.48099593681658,7.200971418814165,98.00067728988358,70.87706147497374,37,low_risk
24.260391454228042,111.69163765846908,76.1865659351948,8.098026244467588,98.64511629663332,80.21519988360313,29,low_risk
21.904843203585706,120.0,67.53429228120676,7.336220687318933,97.89161931156309,76.90844434374867,29,low_risk
27.502669391060024,113.8444401868546,77.39571387719097,7.602918703037433,98.48746372270293,72.22797851781483,8,low_risk
22.759275839212123,110.7779574989382,80.0,7.30875069756123,98.27493262170707,82.94100268622194,25,low_risk
28.086794842593378,110.07599424665685,75.16393371470082,7.653893012589659,98.41973126631794,73.29847967333038,38,low_risk
36.575866769347634,153.2934400734508,100.77298313980477,10.5,103.1995685661699,85.0,30,high_risk
17.333456889365735,157.19753872906807,90.0,14.420088936375532,99.19577034548205,91.23691145509837,9,high_risk
26.38601552692286,105.39907460216983,78.52008777380657,7.03229552202208,98.20105825143438,65.14439371247045,33,low_risk
17.333456889365735,157.032668498348,94.72105890306507,15.320277075868779,100.59478408674862,99.9020170477862,30,high_risk
20.940973077228534,120.0,74.8402990298341,7.540063035710508,98.77157280541289,76.01069824662765,24,low_risk
20.948675518662306,111.3326436319078,74.42946503146665,6.61478038363305,97.5581001977124,76.44002046866882,15,low_risk
36.575866769347634,154.58883222328868,100.57588729295293,14.494008686363491,100.47237204453695,97.69849565710336,18,high_risk
27.30828850872216,110.08567638600029,79.79537032477948,6.5669463790939835,99.0,85.2348540748639,37,low_risk
25.79233904307142,104.83644996160567,80.0,7.524545111136594,98.95138694218153,70.84231891672927,23,low_risk
17.333456889365735,156.11418070495995,106.29893791811297,13.792915547619824,102.3947707041693,107.10186614376457,26,high_risk
17.333456889365735,154.51078073486892,91.75429989181784,13.205179272995071,101.82320981233809,98.29550441394095,20,high_risk
23.150071137665485,120.0,85.90717493139773,11.0,98.96892172901443,74.76014981099364,30,mid_risk
26.79083424006926,111.99574843254013,68.14172826341219,7.176754263006274,99.0,82.92816260030033,33,low_risk
27.726002789490497,111.94419807316831,69.27246560028634,7.165565578199074,98.29672994478743,75.44275299164168,11,low_risk
29.355802387869463,115.88968260306315,74.01847835923924,7.314946437716454,97.97066878711085,79.69580203628102,31,low_risk
17.333456889365735,154.76502601236402,97.17934911807298,13.465217317426113,100.30365890292269,88.64822236884979,33,high_risk
29.066244667496584,130.9170108315364,84.96067141188941,9.497374668410409,100.1686221974588,87.48511279651831,36,mid_risk
17.333456889365735,149.01606851304913,107.65679236529742,17.964392289300143,100.59564727230972,104.66259684096563,6,high_risk
17.333456889365735,158.8251775549971,93.75993470322048,14.347559025897308,100.27575116978652,85.0,32,high_risk
31.247782151537784,137.0907423672948,80.0,7.5,99.98206571742095,82.88636295733464,32,mid_risk
28.534639749946688,115.13508463159454,75.56566070006578,6.441596299231582,98.2334246267008,73.48621932687259,17,low_risk
22.69672703742128,109.38708177658094,75.35028679195712,6.1176823244625815,98.44990083986558,81.15900136880475,33,low_risk
24.671395286429725,106.26138173909195,60.0,7.5464181150639975,98.61235772568638,65.53796438562078,15,low_risk
36.575866769347634,147.19973483317867,106.36563606442644,10.5,100.86737513274115,114.03097564007162,25,high_risk
19.819684911745536,111.91328637473032,72.66179454550603,7.551179661909803,98.49264298966725,75.41943938087866,29,low_risk
17.333456889365735,153.58910051207283,93.22936787422056,15.656411491659554,99.01789553541074,92.18379539508764,30,high_risk
21.65861178696097,116.09997395686642,73.09275465376241,7.02332654544718,98.29377579499258,73.47185915337735,25,low_risk
28.927061947966376,116.86837932694955,74.8024481198674,7.360706182719801,98.43695071665597,65.0,20,low_risk
30.068078071904136,121.02648307544953,84.66928879352965,7.5,98.0,94.70411776064005,18,mid_risk
17.333456889365735,144.67380139646087,104.23667396930429,14.402458127569629,99.04487732739217,98.1860803191246,17,high_risk
18.87352048611612,139.0,89.0,8.278207850478717,99.20582638964034,85.24338944033981,14,mid_risk
36.575866769347634,165.7321174215118,106.09183771249204,10.5,100.82209888587957,103.51746554869301,7,high_risk
32.18076490754018,120.84857341599267,89.0,8.777007402902031,98.2120930981325,85.57139984349445,22,mid_risk
17.333456889365735,155.7655771608423,105.57569291855198,15.06308467116768,101.47122546608203,114.03103603190311,31,high_risk
21.131404377053784,130.97105473282753,88.8852503926758,7.5,98.9381567749805,94.24154272225002,31,mid_risk
21.101273319090716,119.96916485109435,68.12202697187574,6.3508396848454876,98.50920428699776,78.63691628805107,7,low_risk
23.533485903951163,122.71736590598901,80.5980985512915,10.02731266796947,98.19534657260614,82.33419210110078,16,mid_risk
26.370901385510816,120.0,79.44384827108335,8.04416084753505,98.3507454258591,77.68738295331163,19,low_risk
36.575866769347634,157.1655465866228,106.7794448707283,17.075931335056268,101.577031417142,95.80555895853426,32,high_risk
25.895151806555592,118.68593016801323,69.17731102544904,6.760218660525744,98.55231122854603,79.74942156792426,12,low_risk
26.283641163205516,139.0,89.0,8.170197425079076,100.14017956445427,85.37553732359807,6,mid_risk
31.82881515378568,120.0,89.0,9.456925325698661,98.24391315179184,92.24911134473102,8,mid_risk
17.333456889365735,149.99314529257506,90.0,10.830619744592655,101.11270937416806,85.0,20,high_risk
25.020453826569845,103.79872780950747,80.0,7.110035568552535,98.09325438479819,68.9831162247819,32,low_risk
17.333456889365735,173.2168400175247,90.0,14.67371899572675,100.9053002434585,96.90082730797049,10,high_risk
29.12986104220459,111.97975325553429,73.24581144216653,7.483578207506044,97.80680622720703,67.77984023581342,13,low_risk
21.790890923113523,116.55493096181588,68.0516667045482,6.535705909918529,98.43124709409442,80.4068604700073,7,low_risk
32.071087924754174,120.0,80.0,8.47708081758824,98.0,86.87249048715451,39,mid_risk
20.142593500050424,124.4372176400276,81.19615301328867,7.570618001181474,99.97617259381698,82.87792173504184,28,mid_risk
31.80095639050803,126.40316262109056,89.0,9.503979484406404,98.70480830844171,70.0,20,mid_risk
23.162556401839023,105.13764275607603,73.71705755550052,6.203349950659697,98.14226389319121,81.56854366594649,10,low_risk
24.49685231960141,110.74466875753284,80.0,8.42524179175673,98.78099126278113,71.59910759993032,19,low_risk
40.0,120.0,80.0,7.916352697172801,99.2126354408459,80.1487859020245,37,mid_risk
17.333456889365735,156.73257032694752,94.36529120227483,11.656621606055674,102.645932045175,100.88142364379753,9,high_risk
17.333456889365735,140.0,106.45778993414893,15.418343533248084,101.12806932478235,99.71334355970973,10,high_risk
25.187922375058967,109.88100224313587,75.64754367786504,6.7518460289579,98.43643744250237,78.02659659432761,18,low_risk
31.568060640545475,120.0,74.74681741135595,7.586711094987175,98.68983671148925,71.36684567317373,36,low_risk
17.333456889365735,148.637180836994,106.5465242934869,12.69533232747715,102.1255093186837,86.69614380464363,39,high_risk
26.40427755006387,129.7410248009828,80.0,11.0,99.17369144063777,78.45110598359719,16,mid_risk
36.575866769347634,150.38946558284948,108.35120634829798,12.045031467836024,100.97504394477511,96.85725945063129,40,high_risk
36.575866769347634,152.4113099918899,101.83338382578471,10.5,100.27130299335722,91.19816778089113,15,high_risk
21.057095814657824,115.80832881137061,76.3333549098304,6.608676239567442,99.0,65.0,22,low_risk
36.05774128455881,125.0898478290148,89.0,10.435657985532103,99.39435512988065,70.0,20,mid_risk
36.575866769347634,161.02305571284367,102.58995168416985,14.369473699020546,102.8278943939184,85.0,24,high_risk
35.0,114.63085443285837,80.0,6.273037591993945,97.5,75.55392802144885,16,low_risk
17.333456889365735,155.26915620372307,97.83276503629884,12.161372777175757,100.12068663687263,104.34611919651144,29,high_risk
30.38168018461991,116.67796319361604,72.20985310126507,7.281203008735375,98.59066041632023,73.26880657110304,7,low_risk
36.575866769347634,140.0,99.88792611692061,12.159937692754552,100.01393434767161,100.39886686159143,31,high_risk
27.90457574006462,120.0,89.0,8.996733933469631,98.78490626563759,77.37877416480423,38,mid_risk
18.0,107.69906607638318,78.476777153813,6.6090041245097915,98.50896855866145,71.43047280978269,11,low_risk
32.60299440554484,139.0,85.62655713005599,9.07304674467549,99.9849727072587,79.72369702189513,22,mid_risk
36.363787683176916,127.7547511571805,89.0,10.512203370106782,98.90155252449439,92.53322712752404,22,mid_risk
36.575866769347634,148.0377732652217,102.92071187319492,16.032082019448747,99.0,99.81908598810023,20,high_risk
30.167631437391595,134.50908918913788,89.0,8.403715466770905,100.5,72.4722316111414,15,mid_risk
32.92955878639154,124.5191451951029,85.64133733764601,7.830278025369151,98.4802578541736,77.3098360067962,15,mid_risk
23.656861202839487,115.27770548802219,78.23385387608246,7.508930157645824,98.71456248479834,82.06503841012189,20,low_risk
36.575866769347634,146.47828195163797,94.77473018068345,12.575103259900457,100.52291991023341,100.87550056464117,20,high_risk
34.681028687686265,139.0,89.0,9.016315352681815,98.23670821368358,90.92240263009222,22,mid_risk
31.74856654029026,117.70184555184146,68.34898137663038,8.071965285625527,98.11541512236653,88.0,29,low_risk
28.682395399204342,120.0,80.0,8.485022742703736,99.80282460088056,85.8224510756754,37,mid_risk
26.03416470561826,129.49747221990867,85.14547558947461,7.5,98.42366673634999,76.97948120001955,30,mid_risk
20.052197156487672,103.91724226282182,72.14745950704986,8.03607271651466,98.35028568913503,76.7009810450331,15,low_risk
29.199788991346566,124.75759151357326,80.00809585791316,9.144975610017786,99.419850768958,94.38583273034799,21,mid_risk
24.232663994069426,121.3445934085325,89.0,7.5,99.44844998696342,89.24746389079502,7,mid_risk
31.59905817398089,124.9158103644511,84.72481384493786,8.200500831625794,99.31641659445242,80.50612268751485,30,mid_risk
36.575866769347634,148.28858516573894,99.9226146628783,12.67739037035531,100.8328812893833,102.75285774562327,11,high_risk
24.42255835230423,112.85765856858224,75.5659223693249,7.72570150031474,98.13139511720779,70.65658713645391,28,low_risk
34.04205588466348,120.0,89.0,9.252432199636393,99.5981840876472,73.82615461417498,28,mid_risk
26.89295049829418,110.50785324289872,76.34633794904263,7.949702940423696,98.25242422438743,67.92798707550855,27,low_risk
19.239796469622824,105.976255767511,75.0636988792883,6.527971546518077,98.25128839539062,76.8542674750628,38,low_risk
18.0,113.73216177567915,76.2530170643127,7.554865291051113,98.75946766413567,72.29103730789824,39,low_risk
36.575866769347634,152.4892602983165,100.63468530297673,10.5,99.75052200275937,106.61374183263479,13,high_risk
40.0,131.44275870536845,81.88988934238961,9.83080171956482,98.86390161818248,82.4125043748581,35,mid_risk
25.61490042378211,115.51818411253056,67.43890403284297,7.456911748686346,98.26524194928595,73.23239769701016,35,low_risk
28.3984083880841,109.25742246048237,69.36650845576345,7.379788612702409,98.0327151333961,74.9350486973543,17,low_risk
24.860046038012154,110.41291095213633,69.60838461410131,6.9495417708063405,98.65057386898158,75.78942119929243,10,low_risk
18.62228936482253,115.47779903928145,73.77243877349379,7.163757762481855,97.924893904033,77.54352052666901,31,low_risk
30.611177243744397,103.76859314241186,74.4191331396468,6.541579008617361,98.29695180579562,82.71336758758402,33,low_risk
29.332204972701106,113.44451907693141,80.0,8.5,98.45978243586534,69.40954469222469,28,low_risk
25.936858930146084,104.67572544451505,67.28936125757443,7.915867767510617,98.23198890908235,65.0,31,low_risk
17.333456889365735,164.92992740426985,98.72734600685057,13.286296847382468,99.77878289535704,108.58273207979592,17,high_risk
22.104799444410354,137.30554815169103,81.79991098944028,8.648006942163072,98.20098029546,98.0,20,mid_risk
31.989624233576667,124.07761271791534,80.0,9.908813268708608,99.11821226865155,82.98163459297216,28,mid_risk
32.36005715731441,130.41440605608784,89.0,10.248989499129445,100.5,88.24531565759914,37,mid_risk
37.709861739193165,126.22643970592833,80.0,8.182081164422556,98.45963580152076,75.67453381079656,22,mid_risk
36.575866769347634,162.42898127919176,98.4954975779421,11.212860811601878,100.1837558968602,98.09438292436113,12,high_risk
19.707640826370007,110.37006933804368,69.8717315859893,6.976039052435212,98.05170889134251,74.89547879790449,36,low_risk
27.627747522655163,139.0,86.31603325889131,7.5,99.2240110740933,91.3129681879216,7,mid_risk
32.85852946518158,126.33950747024585,81.52138184463631,8.211008224103143,98.08803860209295,71.69412416608408,37,mid_risk
30.68201699195942,104.86352864279603,71.03094295965647,6.544715043942761,97.84736331261458,79.79935186069056,30,low_risk
24.71148246548872,132.04648212514928,80.0,8.720606135433302,99.90066986301257,79.52574770859434,19,mid_risk
36.575866769347634,154.97645694629443,104.83178832382417,11.661998857116265,99.32837473746373,96.95099745406128,40,high_risk
31.676086101157573,112.03853361886563,63.36386289824252,7.691955151581141,98.17618148588421,88.0,36,low_risk
24.446942795315262,117.00117376965355,78.84092330266431,7.397464067226078,98.21863435664646,73.8530323993524,23,low_risk
36.575866769347634,144.5143964952271,90.0,11.166452173012361,100.46174576586593,100.56733725034078,28,high_risk
28.696108076827603,118.75630150463302,72.13840473531039,7.488446747860791,98.35801291697456,73.79329284057367,36,low_risk
24.16240439961577,120.48332409124201,80.0,8.194816037224923,100.28607056742148,95.69937633258178,15,mid_risk
22.132514379927848,120.0,80.76257794804101,7.5,99.92755969055194,89.82980460366026,12,mid_risk
36.575866769347634,154.6518829729886,106.8470865910191,15.639224041945484,101.96127202300178,105.49773025733715,27,high_risk
28.35779631335593,131.03107030242268,85.34434092668965,9.336596095702864,98.34435207529815,74.71902801148302,28,mid_risk
34.843725543956225,130.97120868745787,86.91391875922734,9.17090034094535,98.84709984064311,98.0,39,mid_risk
29.75788195569856,110.6175957147654,72.30438860364981,6.736936825564275,98.83596198363634,74.10350223326216,26,low_risk
36.575866769347634,141.34597461405775,90.0,14.822547846366193,102.88576010273881,86.05124964162542,28,high_risk
28.48623565019117,120.0,88.68407335583802,8.599302514312994,100.16998136316961,85.21463624739852,30,mid_risk
30.80115182306703,120.0,84.18243040516624,8.255953095244195,98.49989757763146,70.0,26,mid_risk
22.82630091546494,115.00506684966675,70.52699815418427,6.0,97.80858122520048,82.9802563309813,28,low_risk
26.957498244911672,111.36430987417519,72.34605387836221,6.863065352201625,98.41913012791387,75.94201347211991,32,low_risk
24.913940710499205,131.87610504618218,84.47060230706693,8.343913639729056,100.21534980708095,98.0,29,mid_risk
23.758932973626177,115.0956353062246,75.8436657365876,7.3783465640280745,98.31178470833738,74.83943422851277,37,low_risk
24.076261879165287,115.36551668764743,73.44667315721335,7.848033635483587,98.97911856738315,75.75225182929204,25,low_risk
28.413254163017363,136.97705857784382,80.0,9.377732154774193,98.34025792161351,88.57312401324309,17,mid_risk
35.26384469805792,127.72654936935608,80.0,8.164917159372386,98.92590309612183,86.15486630580347,17,mid_risk
31.785825473160152,113.33943348477496,76.25612659659254,7.597231100855084,99.0,76.58293472251749,37,low_risk
40.0,132.98101631849858,89.0,8.645470894258906,99.92159476220012,93.44296766289882,20,mid_risk
31.41689001200881,133.97712985621283,89.0,8.507143152543513,100.10060547922568,75.82715842923582,32,mid_risk
28.362574195954895,116.46515182899962,74.26129245248741,7.215722851664421,98.67434312744338,74.7752213867637,22,low_risk
22.291160376476014,126.90039554435218,85.1113461231687,8.7066470926751,99.91390170790793,79.39471118349363,27,mid_risk
30.00731427406895,132.03800550857065,86.28913252848741,7.971426746120295,98.44076776702755,79.46282359699143,6,mid_risk
31.24943779081915,127.53958823809472,80.0,7.977776945907392,100.39887287746856,90.5666670396452,22,mid_risk
36.575866769347634,163.15242842599162,90.0,15.472443798621937,99.58466501529536,102.77169909189827,32,high_risk
33.531853486253,136.29107974344436,87.44932921085838,8.510296197378132,98.40413520690458,83.46088588529271,21,mid_risk
17.333456889365735,153.4378402835744,95.7920291414622,17.377490888529394,101.13959685722695,99.37109059604286,33,high_risk
30.43365380653594,133.9450574388656,89.0,7.512209026202518,99.04976669747509,79.24170420520622,15,mid_risk
31.54063732168067,120.0,80.0,8.113098897063946,99.02174270865062,88.76627979516195,31,mid_risk
29.214493850052456,124.20407644201302,80.0,8.743547862041824,98.82293879714369,91.40608146697203,32,mid_risk
36.575866769347634,150.95382994000963,94.83830573397157,14.86671015930826,100.15945998933677,111.4917297907277,40,high_risk
36.575866769347634,169.9782214922488,97.33934931514892,10.5,100.20085090981635,103.92553538641603,9,high_risk
30.277056279928832,136.56816377690268,83.56259744980115,9.117449651322481,99.18973107327588,93.42040395678671,32,mid_risk
26.583214133749635,106.01163623611352,66.16070287317272,7.165562780955579,98.80801460276084,72.91036776140037,39,low_risk
29.212611413331615,118.72618400394683,68.6234380347538,7.5505884998611865,98.3575223639841,72.6693446324299,32,low_risk
28.87447297660082,129.15345593207144,89.0,9.844642651645904,99.56115101322678,83.00759551040251,13,mid_risk
30.746526206127207,120.90072509759086,89.0,9.260588276597524,99.67053064752962,83.50088544514794,37,mid_risk
38.385295876485564,128.22216062828252,84.73817303004775,9.709773867052814,98.0,70.0,29,mid_risk
18.71799758550729,110.95387445258298,80.0,7.873424531221896,99.0,70.45385599821775,9,low_risk
23.517542671655576,117.32593255524301,67.50391818277087,6.9483391484048695,98.639239662019,70.16621053159099,8,low_risk
28.342768448260568,100.74896518212553,77.05108084794611,7.505165023940066,99.0,75.46873471250193,34,low_risk
27.895495307125298,122.19657805453284,89.0,9.185750543069112,98.0,80.56691243031742,33,mid_risk
36.575866769347634,140.0,97.6261729350964,12.274855373033555,100.62232992754693,104.39558565501343,14,high_risk
26.727252300818083,127.7596707460147,85.41508864413765,7.5,99.90660721298205,88.2968736410979,33,mid_risk
26.35481785986731,128.6510082561456,89.0,7.5,99.43895732985702,72.76246050398676,16,mid_risk
19.145940207471526,103.09061218930057,62.765553330076976,7.696937814110774,98.26163226838113,76.45404124368032,18,low_risk
27.091341952142,114.08605890123002,76.51372403745407,7.20910976552426,98.49978037837204,65.69396710981962,9,low_risk
23.695905871328634,117.3810358951932,71.35333943775815,7.430061018842187,98.69879233604189,65.0,16,low_risk
32.183510692382086,105.98687526531117,67.22276248443855,6.892575455593984,97.68243155472322,70.307507828392,19,low_risk
21.065943890931585,130.95373929022142,89.0,7.539619438813432,99.21015341129016,86.30937409783776,20,mid_risk
24.03818220865822,135.2820134522629,85.53510335400868,7.5,99.62730249503574,86.47957415460863,9,mid_risk
25.897807274239888,108.41493883185015,73.75485329580981,6.0,98.7280929593224,81.18062368113927,12,low_risk
27.06014106883464,116.52004972662719,74.72443916548445,7.1442334760318476,98.86393598655535,68.90810802359069,19,low_risk
19.71906717191743,111.52215165252571,77.84103608315868,7.428785767358871,98.44114343117293,70.87902711963196,20,low_risk
24.2922110900238,120.0,73.61278269637003,6.927818167444991,98.14578356047379,73.38526162225818,17,low_risk
30.41548949666165,117.91437997407918,80.0,7.143105461231477,98.6932217125864,70.38044796253814,11,low_risk
17.333456889365735,172.83057079388215,99.47447447578601,13.866357161085755,102.58221037912725,87.91668823875314,33,high_risk
27.454071890921668,115.99787500545527,64.84158876396987,6.542837688694317,97.6137776434094,75.50444454789226,19,low_risk
40.0,120.0,80.0,7.5,100.10980259731335,82.57692097695855,16,mid_risk
27.570891039470176,104.49755359618169,80.0,6.834989541192398,98.07498169195121,88.0,38,low_risk
29.658918541343816,134.43663708590114,86.9569461465106,8.521691197463653,99.49001298022542,83.62039390377367,23,mid_risk
29.859158649238307,134.4172543293025,88.74809330893913,9.983480074330721,100.40130769490398,93.00771672231186,7,mid_risk
17.333456889365735,150.2118726041768,107.70460189375987,15.182992585708046,100.36231151063731,99.25891896546483,14,high_risk
23.262015090270737,103.92477445916072,79.50410699211302,7.152366945356579,98.87087398527375,76.8579438088553,34,low_risk
26.247264054984758,134.1048001963833,81.76240191257534,11.0,98.54326947346173,95.09672396820676,9,mid_risk
19.405729704723434,108.07554590123546,71.93197233289177,7.325720538157677,98.46616146411989,74.41272460777166,16,low_risk
27.48268839020271,109.05018288620772,76.77028885557954,6.86941091787705,98.67918961205204,77.93502796173942,34,low_risk
30.345749080682733,132.96099240765548,80.0,9.654623989152446,99.77582121558216,75.44878047840359,12,mid_risk
26.43114944139313,113.85299807559379,75.93404260344602,7.509176592974681,98.26769004159078,74.36293272195921,25,low_risk
36.575866769347634,151.10298875494613,103.13479147165573,15.525743014441609,102.1501942488172,91.203998744012,31,high_risk
36.575866769347634,153.89819603356315,93.8982946403583,10.5,100.779337826118,104.51182972607899,30,high_risk
17.333456889365735,149.81427690121242,107.70615984789524,13.428912112618876,100.61868263398887,85.0,19,high_risk
38.17275846038483,124.63785380711316,80.0,9.755415873971483,100.30902086566466,80.06661851937417,11,mid_risk
33.75921173287069,112.40713306316442,75.46096364163186,6.758879379142052,98.64349423564977,72.4538892655994,27,low_risk
17.333456889365735,140.0,98.00776320660256,15.191699886955005,100.79661119629284,114.13281918841604,25,high_risk
29.717188736255306,117.04372015902732,74.49033769769473,7.791825903543563,98.17187437288541,78.31449980909017,7,low_risk
29.475501811049387,132.7022258231172,83.32965593667649,9.29407012868949,98.21934258505462,88.17173577303078,16,mid_risk
26.967676686026024,120.0,63.347167600964,8.183015839362564,98.46467941068191,86.7799912100501,12,low_risk
30.742489033139556,136.84937401433865,80.95347123792818,8.869676596029322,99.72898907849189,85.74086400981196,9,mid_risk
19.441710132945616,105.26473116253352,75.86674279855698,7.696269257139461,97.89952034534653,74.63834520317245,37,low_risk
34.19274463156812,120.0,82.21153017947522,7.5,98.98555826995097,92.44901022150272,37,mid_risk
36.575866769347634,168.88895501557909,100.35008734042697,13.009412728468146,101.45130622494028,110.54279242958874,14,high_risk
22.44415300924199,108.71991949247641,76.22386903915798,6.583557869084394,98.09078811615892,75.34081526138839,40,low_risk
35.69635699598551,124.61873577106303,89.0,10.397198258955637,98.97000721590038,82.08867340664783,40,mid_risk
28.250103289576792,112.06211571906029,69.52326838818487,6.441300955827021,98.69746071021608,82.6079809893373,20,low_risk
36.575866769347634,160.1747753112124,102.10723494539164,13.341318220691088,103.5,94.71561975990359,33,high_risk
25.719576604613913,115.3876355553616,68.40226935808415,7.857928270938152,98.7856623536688,76.23828293031781,40,low_risk
25.309473230590473,112.42031297867909,74.36018430641873,6.8460646093466355,98.24849606535876,66.5920704066384,9,low_risk
21.766806858579393,117.11664205073332,73.06335490796813,8.193724951234378,98.17714777097112,78.64035957413887,37,low_risk
17.333456889365735,159.28190134929605,92.61599847772374,13.80800123311607,100.82121420220425,90.50825251860455,6,high_risk
24.6157604011014,106.3605813933468,79.86378422633723,6.638642220742545,97.838073222429,80.39248570859813,24,low_risk
17.333456889365735,176.5705233132712,100.94757623116995,17.5691130519539,99.72865883526177,100.72242140969571,6,high_risk
25.830750748652445,109.54430537132137,61.5609567173246,8.367117044566161,97.5,73.51663034635087,6,low_risk
18.773672405360998,105.44979474316412,69.84022541252774,7.250703087415718,97.88865894847908,83.06951708528801,10,low_risk
24.93430841570899,116.29228789264747,76.52982776727933,7.857641944486439,98.07303674623427,77.16069144995078,20,low_risk
23.714456633388025,109.79783296550006,80.0,7.24788089043524,98.0793889639582,74.43978249891734,19,low_risk
17.333456889365735,140.0,90.0,16.057924922911035,100.49674086642028,85.83460114961743,12,high_risk
22.394327985542205,101.3284744959609,70.02221466029559,6.490166289159367,99.0,81.24393850604129,35,low_risk
29.143583377679064,136.90218014252045,89.0,7.886025713277085,98.21516641374772,80.09452533433381,16,mid_risk
21.828508670950622,110.55245407228874,80.0,6.824210834290196,98.95979457078894,69.02174409829239,24,low_risk
19.057758507852114,108.5034480543305,76.08223019050726,6.857615741879933,98.67366528344358,70.36506658137591,7,low_risk
17.333456889365735,145.51184788666427,105.40378106737278,15.634409045304864,101.47466206247674,85.0,36,high_risk
23.87559882845618,112.62613562513928,80.0,7.028943445774792,98.46858772703617,72.22577283277833,16,low_risk
28.063442308883236,134.66003825099014,88.6259337734495,7.524468723780198,99.67253223736351,87.71976287655392,18,mid_risk
27.243138105472937,120.0,79.45490212592983,6.699430913979225,98.19593567453992,81.82105049540715,36,low_risk
28.148338414969807,115.33738005640396,69.52465078861698,7.331120425446567,97.57014398498146,75.41014091527374,26,low_risk
33.97743847477444,138.92228908713093,88.40301774117663,8.366775378877257,100.36644782131928,98.0,13,mid_risk
22.18262523782896,106.56560619482428,75.11144927900428,7.889803211327249,98.42334811632716,67.21015152337067,18,low_risk
38.891346196522385,125.04509104857405,80.0,10.371776002230549,98.0,97.74819198887586,31,mid_risk
26.31504964121392,113.56168303949731,70.83622485057481,7.780695614415123,97.81797815796378,78.3822800192944,23,low_risk
22.705199984245684,109.07662861531868,61.53364589834961,6.615116054446295,98.55969127717573,77.4168544592746,21,low_risk
30.683946000384978,120.0,89.0,8.923594719714018,100.5,90.63894465437656,24,mid_risk
28.540605729826943,137.11024649537703,89.0,8.70052001113941,98.91566855669717,92.24292004642442,20,mid_risk
17.333456889365735,151.8710319597796,96.2762165138985,13.898548453622684,102.53387810899126,110.92833342001526,39,high_risk
28.290179648412757,107.2840632369523,71.91316593197458,7.478621918127945,98.68629369646834,72.43473476571,16,low_risk
18.719101120438175,113.10309726852216,80.0,7.886575841135963,97.8788620945901,78.39681623561312,7,low_risk
28.585118615096253,120.85400401985282,87.96013679205024,8.462963493310044,100.11422021333405,78.55841691422312,35,mid_risk
31.526243298087856,120.0,84.96814553810707,8.333428257448753,99.56760621331094,70.0,17,mid_risk
17.333456889365735,160.6698109227928,98.56647335082921,13.155955800877637,102.16870095076436,109.23937198312004,33,high_risk
27.470485298038177,120.0,86.93796749312662,8.702337166859056,98.8796102041063,77.54002410936833,11,mid_risk
36.575866769347634,156.54742982142903,97.41883753563926,14.95786542652154,101.04735596187729,94.79532101177018,18,high_risk
24.541054234132403,120.0,76.31644265059053,6.917241755578488,98.06302694794948,70.56010872907424,14,low_risk
17.333456889365735,142.25532569747196,112.18488072628806,11.296006898535378,100.15222793256503,89.19237552430982,28,high_risk
36.575866769347634,156.2615326952434,101.80656078375132,15.703484099763303,102.2925866596521,110.03604394781902,10,high_risk
28.027954466581406,108.12263614093717,70.46553716006325,6.0,98.32471902449088,69.27749248638166,9,low_risk
17.333456889365735,150.7901988596367,97.58528643390233,15.217796665891743,99.30084814744,100.76165448221033,19,high_risk
29.111875206783395,120.0,89.0,9.162580284918231,98.75292584234299,79.6376753564044,36,mid_risk
36.575866769347634,148.32475989431575,94.3302267073348,13.971825998595573,101.55200722028245,95.5750922337499,18,high_risk
17.333456889365735,175.3273507640061,98.18392677920582,14.16670419449042,100.47885873371905,104.21172632278606,12,high_risk
18.0,110.44722362399739,70.46187052588986,6.659597170492512,98.15697248328819,71.67872787395926,22,low_risk
31.135669143467243,127.01026263889212,86.84887604890282,9.086320087919322,99.11543353521945,89.50698433411905,11,mid_risk
38.30213426746674,138.19548115418254,89.0,8.776582236697958,99.25562905846957,96.10104704627236,23,mid_risk
37.27302769534432,120.0,88.36285302794758,7.735101498763802,98.48050617613019,81.55143887246136,35,mid_risk
28.48449881372677,120.0,73.53306570550026,7.49682339226502,98.15019581796457,70.97556564810705,36,low_risk
18.940611101256543,116.4092667162989,77.06234397006801,6.736458750746256,99.0,79.16703609949353,24,low_risk
26.96684586338931,132.755282831658,89.0,8.678405172618293,98.0,85.0606132782245,38,mid_risk
18.0,119.92782419363807,67.57707867150015,6.0,98.144565669942,69.2753940958225,27,low_risk
36.575866769347634,151.50513781235378,95.26553339540322,16.647996118340046,102.32356073684075,118.96729683183703,14,high_risk
23.71345979513047,102.89275751991514,80.0,7.552713532882641,98.88851797827407,88.0,23,low_risk
31.579870854005136,106.38736778773243,78.5568136108736,6.3759582666181505,98.33205905692891,73.0051662911778,38,low_risk
21.97846827058671,106.70875209263369,70.33421901445001,7.8461088867946085,98.48091216304849,72.83566563016228,7,low_risk
17.333456889365735,162.34767661297434,101.13222772955271,13.19405941747842,103.12692246467333,85.94998855774627,9,high_risk
24.096894798053857,115.65482872544307,80.0,6.901457496968876,98.10595327971016,80.45093376634075,32,low_risk
20.208488429644607,106.15282417197615,68.46853243794183,6.5243676234533705,98.31861554356789,74.25727650263326,27,low_risk
21.04148745371865,113.35184753224564,77.01547342474417,6.924141230501714,98.37556099679766,73.29403589782414,40,low_risk
36.575866769347634,151.19540968598722,99.29424195750124,11.669631274750268,102.82259012605128,102.96150055640852,8,high_risk
29.46918332635251,114.83443766728226,80.0,7.122804332188767,98.74325562837362,76.94093809658916,33,low_risk
29.990968290694937,117.32374502360045,73.2092307781384,7.058573253085999,97.74344795375917,70.83660757711668,13,low_risk
36.575866769347634,182.7147470038793,93.12033899605467,17.741263954767085,101.16634176771625,100.55458357838229,7,high_risk
34.32285986248634,121.02308357993442,86.87490858812774,9.694302674581847,99.62750125027205,84.91029609454168,18,mid_risk
36.575866769347634,144.3038098352275,101.39545495024718,15.191793118375815,100.29735035061047,106.87259494561496,12,high_risk
32.249794231987714,104.56444963087917,77.23244768862885,6.661301960144622,97.7506469880235,76.33119545518053,21,low_risk
27.365519973314456,120.0,80.0,7.5,99.34239150368265,94.5483397680395,27,mid_risk
18.79734627573547,116.06755522803562,75.48287772570382,7.381020005341042,98.57440231008904,88.0,35,low_risk
17.333456889365735,159.70619354119435,99.3593182518573,11.687960094307195,99.45362229331629,85.0,34,high_risk
27.788855370612556,123.9493314997502,84.22039035186278,7.5,99.0835640210882,72.06008176606741,21,mid_risk
24.95101290861234,113.20341518338566,65.4806420658664,7.580196614864436,98.18449566506156,74.27256353879248,40,low_risk
27.275932316741102,112.15233052325446,72.14708618799608,7.3155581512387835,98.09761971732324,77.50376939261982,33,low_risk
27.4566668001737,113.99188198341409,75.7625248417844,8.313988461937173,98.51741501198747,82.29039932688124,32,low_risk
17.333456889365735,149.16356812156766,90.0,14.299486337332894,100.94978710250139,103.34430377545903,6,high_risk
34.68807421754799,137.77138874713563,80.0,10.264903123905686,98.329857844215,98.0,30,mid_risk
24.67713367956567,118.58291627052218,79.73220435200363,7.518585397178454,98.69529489232647,69.89253105713705,26,low_risk
26.285428861801094,106.21744644273633,76.98220568790876,7.796269328718264,98.52078436006872,81.58999580120857,17,low_risk
21.892449542055836,123.5518398227349,82.00025866419172,8.760875487518982,98.9439376613823,77.19733057847822,21,mid_risk
25.811692083405198,108.73531598731485,68.23333798397127,7.2407031083501625,98.89736231887487,70.12419861830419,11,low_risk
